[26May2026 01:45:59.935] [main/INFO] [cpw.mods.modlauncher.Launcher/MODLAUNCHER]: ModLauncher running: args [--launchTarget, forgeserver, --fml.neoForgeVersion, 21.1.229, --fml.fmlVersion, 4.0.42, --fml.mcVersion, 1.21.1, --fml.neoFormVersion, 20240808.144430, nogui]
[26May2026 01:45:59.940] [main/INFO] [cpw.mods.modlauncher.Launcher/MODLAUNCHER]: JVM identified as Ubuntu OpenJDK 64-Bit Server VM 21.0.10+7-Ubuntu-124.04
[26May2026 01:45:59.941] [main/INFO] [cpw.mods.modlauncher.Launcher/MODLAUNCHER]: ModLauncher 11.0.5+main.901c6ea8 starting: java version 21.0.10 by Ubuntu; OS Linux arch amd64 version 6.8.0-1044-azure
[26May2026 01:46:00.499] [main/INFO] [net.neoforged.fml.loading.ImmediateWindowHandler/]: ImmediateWindowProvider not loading because launch target is forgeserver
[26May2026 01:46:00.562] [main/INFO] [mixin/]: SpongePowered MIXIN Subsystem Version=0.8.7 Source=union:/workspaces/server-refluido-/servidor_minecraft/libraries/net/fabricmc/sponge-mixin/0.15.2+mixin.0.8.7/sponge-mixin-0.15.2+mixin.0.8.7.jar%2371!/ Service=ModLauncher Env=SERVER
[26May2026 01:46:00.880] [main/INFO] [net.neoforged.fml.loading.moddiscovery.ModDiscoverer/SCAN]: Found mod file "server-1.21.1-20240808.144430-srg.jar" [locator: production server provider +net.neoforged:neoforge:21.1.229:server]
[26May2026 01:46:00.905] [main/INFO] [net.neoforged.fml.loading.moddiscovery.ModDiscoverer/SCAN]: Found mod file "neoforge-21.1.229-universal.jar" [locator: PathBasedLocator[name=neoforge, paths=[libraries/net/neoforged/neoforge/21.1.229/neoforge-21.1.229-universal.jar]], reader: mod manifest]
[26May2026 01:46:00.927] [main/INFO] [net.neoforged.fml.loading.moddiscovery.ModDiscoverer/SCAN]: Found mod file "[1.21.1] SecurityCraft v1.10.1.jar" [locator: {mods folder locator at /workspaces/server-refluido-/servidor_minecraft/mods}, reader: mod manifest]
[26May2026 01:46:00.932] [main/INFO] [net.neoforged.fml.loading.moddiscovery.ModDiscoverer/SCAN]: Found mod file "accessories-neoforge-1.1.0-beta.53+1.21.1.jar" [locator: {mods folder locator at /workspaces/server-refluido-/servidor_minecraft/mods}, reader: mod manifest]
[26May2026 01:46:00.936] [main/INFO] [net.neoforged.fml.loading.moddiscovery.ModDiscoverer/SCAN]: Found mod file "addonslib-neoforge-1.21.1-1.10.jar" [locator: {mods folder locator at /workspaces/server-refluido-/servidor_minecraft/mods}, reader: mod manifest]
[26May2026 01:46:00.940] [main/INFO] [net.neoforged.fml.loading.moddiscovery.ModDiscoverer/SCAN]: Found mod file "AdvancementPlaques-1.21.1-neoforge-1.6.8.jar" [locator: {mods folder locator at /workspaces/server-refluido-/servidor_minecraft/mods}, reader: mod manifest]
[26May2026 01:46:00.957] [main/INFO] [net.neoforged.fml.loading.moddiscovery.ModDiscoverer/SCAN]: Found mod file "aether-1.21.1-1.5.10-neoforge.jar" [locator: {mods folder locator at /workspaces/server-refluido-/servidor_minecraft/mods}, reader: mod manifest]
[26May2026 01:46:00.974] [main/INFO] [net.neoforged.fml.loading.moddiscovery.ModDiscoverer/SCAN]: Found mod file "alloyed-3.0.9+1.21.1-neoforge.jar" [locator: {mods folder locator at /workspaces/server-refluido-/servidor_minecraft/mods}, reader: mod manifest]
[26May2026 01:46:00.982] [main/INFO] [net.neoforged.fml.loading.moddiscovery.ModDiscoverer/SCAN]: Found mod file "anvilcore-10.1 Release-neoforge-1.21.1.jar" [locator: {mods folder locator at /workspaces/server-refluido-/servidor_minecraft/mods}, reader: mod manifest]
[26May2026 01:46:00.987] [main/INFO] [net.neoforged.fml.loading.moddiscovery.ModDiscoverer/SCAN]: Found mod file "appleskin-neoforge-mc1.21-3.0.9.jar" [locator: {mods folder locator at /workspaces/server-refluido-/servidor_minecraft/mods}, reader: mod manifest]
[26May2026 01:46:00.994] [main/INFO] [net.neoforged.fml.loading.moddiscovery.ModDiscoverer/SCAN]: Found mod file "architectury-13.0.8-neoforge.jar" [locator: {mods folder locator at /workspaces/server-refluido-/servidor_minecraft/mods}, reader: mod manifest]
[26May2026 01:46:01.001] [main/INFO] [net.neoforged.fml.loading.moddiscovery.ModDiscoverer/SCAN]: Found mod file "artifacts-neoforge-13.2.1.jar" [locator: {mods folder locator at /workspaces/server-refluido-/servidor_minecraft/mods}, reader: mod manifest]
[26May2026 01:46:01.004] [main/INFO] [net.neoforged.fml.loading.moddiscovery.ModDiscoverer/SCAN]: Found mod file "balm-neoforge-1.21.1-21.0.56.jar" [locator: {mods folder locator at /workspaces/server-refluido-/servidor_minecraft/mods}, reader: mod manifest]
[26May2026 01:46:01.010] [main/INFO] [net.neoforged.fml.loading.moddiscovery.ModDiscoverer/SCAN]: Found mod file "bellsandwhistles-0.4.7-1.21.1.jar" [locator: {mods folder locator at /workspaces/server-refluido-/servidor_minecraft/mods}, reader: mod manifest]
[26May2026 01:46:01.016] [main/INFO] [net.neoforged.fml.loading.moddiscovery.ModDiscoverer/SCAN]: Found mod file "BiomesOPlenty-neoforge-1.21.1-21.1.0.13.jar" [locator: {mods folder locator at /workspaces/server-refluido-/servidor_minecraft/mods}, reader: mod manifest]
[26May2026 01:46:01.022] [main/INFO] [net.neoforged.fml.loading.moddiscovery.ModDiscoverer/SCAN]: Found mod file "bits_n_bobs-0.0.44.jar" [locator: {mods folder locator at /workspaces/server-refluido-/servidor_minecraft/mods}, reader: mod manifest]
[26May2026 01:46:01.025] [main/INFO] [net.neoforged.fml.loading.moddiscovery.ModDiscoverer/SCAN]: Found mod file "bookshelf-neoforge-1.21.1-21.1.81.jar" [locator: {mods folder locator at /workspaces/server-refluido-/servidor_minecraft/mods}, reader: mod manifest]
[26May2026 01:46:01.029] [main/INFO] [net.neoforged.fml.loading.moddiscovery.ModDiscoverer/SCAN]: Found mod file "born_in_chaos_[Neoforge]_1.21.1_1.7.5.jar" [locator: {mods folder locator at /workspaces/server-refluido-/servidor_minecraft/mods}, reader: mod manifest]
[26May2026 01:46:01.032] [main/INFO] [net.neoforged.fml.loading.moddiscovery.ModDiscoverer/SCAN]: Found mod file "cinematiccataclysm-1.0.1-1.21.1.jar" [locator: {mods folder locator at /workspaces/server-refluido-/servidor_minecraft/mods}, reader: mod manifest]
[26May2026 01:46:01.036] [main/INFO] [net.neoforged.fml.loading.moddiscovery.ModDiscoverer/SCAN]: Found mod file "copycats-3.0.4+mc.1.21.1-neoforge.jar" [locator: {mods folder locator at /workspaces/server-refluido-/servidor_minecraft/mods}, reader: mod manifest]
[26May2026 01:46:01.041] [main/INFO] [net.neoforged.fml.loading.moddiscovery.ModDiscoverer/SCAN]: Found mod file "cosmeticarmorreworked-1.21.1-v1-neoforge.jar" [locator: {mods folder locator at /workspaces/server-refluido-/servidor_minecraft/mods}, reader: mod manifest]
[26May2026 01:46:01.045] [main/INFO] [net.neoforged.fml.loading.moddiscovery.ModDiscoverer/SCAN]: Found mod file "craftingtweaks-neoforge-1.21.1-21.1.10.jar" [locator: {mods folder locator at /workspaces/server-refluido-/servidor_minecraft/mods}, reader: mod manifest]
[26May2026 01:46:01.049] [main/INFO] [net.neoforged.fml.loading.moddiscovery.ModDiscoverer/SCAN]: Found mod file "Create Encased-1.21.1-1.8-ht2.jar" [locator: {mods folder locator at /workspaces/server-refluido-/servidor_minecraft/mods}, reader: mod manifest]
[26May2026 01:46:01.059] [main/INFO] [net.neoforged.fml.loading.moddiscovery.ModDiscoverer/SCAN]: Found mod file "create-1.21.1-6.0.10.jar" [locator: {mods folder locator at /workspaces/server-refluido-/servidor_minecraft/mods}, reader: mod manifest]
[26May2026 01:46:01.062] [main/INFO] [net.neoforged.fml.loading.moddiscovery.ModDiscoverer/SCAN]: Found mod file "create-aeronautics-bundled-1.21.1-1.2.1.jar" [locator: {mods folder locator at /workspaces/server-refluido-/servidor_minecraft/mods}, reader: mod manifest]
[26May2026 01:46:01.066] [main/INFO] [net.neoforged.fml.loading.moddiscovery.ModDiscoverer/SCAN]: Found mod file "create-confectionery1.21.1_v1.1.3b.jar" [locator: {mods folder locator at /workspaces/server-refluido-/servidor_minecraft/mods}, reader: mod manifest]
[26May2026 01:46:01.069] [main/INFO] [net.neoforged.fml.loading.moddiscovery.ModDiscoverer/SCAN]: Found mod file "create-enchantment-industry-2.3.1.jar" [locator: {mods folder locator at /workspaces/server-refluido-/servidor_minecraft/mods}, reader: mod manifest]
[26May2026 01:46:01.072] [main/INFO] [net.neoforged.fml.loading.moddiscovery.ModDiscoverer/SCAN]: Found mod file "create-gunsmithing-1.21.1-1.4.5.jar" [locator: {mods folder locator at /workspaces/server-refluido-/servidor_minecraft/mods}, reader: mod manifest]
[26May2026 01:46:01.075] [main/INFO] [net.neoforged.fml.loading.moddiscovery.ModDiscoverer/SCAN]: Found mod file "create-new-age-1.1.7c+neoforge-mc1.21.1.jar" [locator: {mods folder locator at /workspaces/server-refluido-/servidor_minecraft/mods}, reader: mod manifest]
[26May2026 01:46:01.078] [main/INFO] [net.neoforged.fml.loading.moddiscovery.ModDiscoverer/SCAN]: Found mod file "create-stuff-additions1.21.1_v2.1.2.jar" [locator: {mods folder locator at /workspaces/server-refluido-/servidor_minecraft/mods}, reader: mod manifest]
[26May2026 01:46:01.079] [main/INFO] [net.neoforged.fml.loading.moddiscovery.ModDiscoverer/SCAN]: Found mod file "create_easy_structures-0.2a-neoforge-1.21.1.jar" [locator: {mods folder locator at /workspaces/server-refluido-/servidor_minecraft/mods}, reader: mod manifest]
[26May2026 01:46:01.082] [main/INFO] [net.neoforged.fml.loading.moddiscovery.ModDiscoverer/SCAN]: Found mod file "create_hypertube-0.4.0-COMPAT-NEOFORGE.jar" [locator: {mods folder locator at /workspaces/server-refluido-/servidor_minecraft/mods}, reader: mod manifest]
[26May2026 01:46:01.086] [main/INFO] [net.neoforged.fml.loading.moddiscovery.ModDiscoverer/SCAN]: Found mod file "create_optical-0.4.2.jar" [locator: {mods folder locator at /workspaces/server-refluido-/servidor_minecraft/mods}, reader: mod manifest]
[26May2026 01:46:01.087] [main/INFO] [net.neoforged.fml.loading.moddiscovery.ModDiscoverer/SCAN]: Found mod file "create_oxidized-0.1.3.jar" [locator: {mods folder locator at /workspaces/server-refluido-/servidor_minecraft/mods}, reader: mod manifest]
[26May2026 01:46:01.089] [main/INFO] [net.neoforged.fml.loading.moddiscovery.ModDiscoverer/SCAN]: Found mod file "create_ratatouille-1.21.1-1.3.9-2.jar" [locator: {mods folder locator at /workspaces/server-refluido-/servidor_minecraft/mods}, reader: mod manifest]
[26May2026 01:46:01.091] [main/INFO] [net.neoforged.fml.loading.moddiscovery.ModDiscoverer/SCAN]: Found mod file "create_structures_arise-174.47.46 Release-neoforge-1.21.1.jar" [locator: {mods folder locator at /workspaces/server-refluido-/servidor_minecraft/mods}, reader: mod manifest]
[26May2026 01:46:01.093] [main/INFO] [net.neoforged.fml.loading.moddiscovery.ModDiscoverer/SCAN]: Found mod file "create_ultimate_factory-2.2.4-neoforge-1.21.1.jar" [locator: {mods folder locator at /workspaces/server-refluido-/servidor_minecraft/mods}, reader: mod manifest]
[26May2026 01:46:01.096] [main/INFO] [net.neoforged.fml.loading.moddiscovery.ModDiscoverer/SCAN]: Found mod file "createaddition-1.5.10.jar" [locator: {mods folder locator at /workspaces/server-refluido-/servidor_minecraft/mods}, reader: mod manifest]
[26May2026 01:46:01.099] [main/INFO] [net.neoforged.fml.loading.moddiscovery.ModDiscoverer/SCAN]: Found mod file "createbetterfps-1.21.1-1.1.4.jar" [locator: {mods folder locator at /workspaces/server-refluido-/servidor_minecraft/mods}, reader: mod manifest]
[26May2026 01:46:01.105] [main/INFO] [net.neoforged.fml.loading.moddiscovery.ModDiscoverer/SCAN]: Found mod file "createdeco-2.1.3.jar" [locator: {mods folder locator at /workspaces/server-refluido-/servidor_minecraft/mods}, reader: mod manifest]
[26May2026 01:46:01.107] [main/INFO] [net.neoforged.fml.loading.moddiscovery.ModDiscoverer/SCAN]: Found mod file "createdieselgenerators-1.21.1-1.3.11.jar" [locator: {mods folder locator at /workspaces/server-refluido-/servidor_minecraft/mods}, reader: mod manifest]
[26May2026 01:46:01.110] [main/INFO] [net.neoforged.fml.loading.moddiscovery.ModDiscoverer/SCAN]: Found mod file "CreateDragonsPlus-1.10.0b.jar" [locator: {mods folder locator at /workspaces/server-refluido-/servidor_minecraft/mods}, reader: mod manifest]
[26May2026 01:46:01.115] [main/INFO] [net.neoforged.fml.loading.moddiscovery.ModDiscoverer/SCAN]: Found mod file "createframed-1.21.1-1.7.3.jar" [locator: {mods folder locator at /workspaces/server-refluido-/servidor_minecraft/mods}, reader: mod manifest]
[26May2026 01:46:01.117] [main/INFO] [net.neoforged.fml.loading.moddiscovery.ModDiscoverer/SCAN]: Found mod file "createnuclear-1.3.2-beta.3-neoforge.jar" [locator: {mods folder locator at /workspaces/server-refluido-/servidor_minecraft/mods}, reader: mod manifest]
[26May2026 01:46:01.119] [main/INFO] [net.neoforged.fml.loading.moddiscovery.ModDiscoverer/SCAN]: Found mod file "createoreexcavation-1.21-1.6.8.jar" [locator: {mods folder locator at /workspaces/server-refluido-/servidor_minecraft/mods}, reader: mod manifest]
[26May2026 01:46:01.121] [main/INFO] [net.neoforged.fml.loading.moddiscovery.ModDiscoverer/SCAN]: Found mod file "createphotomovement-neoforge-1.21.1-0.3.3.jar" [locator: {mods folder locator at /workspaces/server-refluido-/servidor_minecraft/mods}, reader: mod manifest]
[26May2026 01:46:01.123] [main/INFO] [net.neoforged.fml.loading.moddiscovery.ModDiscoverer/SCAN]: Found mod file "createteleporters-remastered-2.0.2b-neoforge-1.21.1.jar" [locator: {mods folder locator at /workspaces/server-refluido-/servidor_minecraft/mods}, reader: mod manifest]
[26May2026 01:46:01.125] [main/INFO] [net.neoforged.fml.loading.moddiscovery.ModDiscoverer/SCAN]: Found mod file "CreativeCore_NEOFORGE_v2.13.38_mc1.21.1.jar" [locator: {mods folder locator at /workspaces/server-refluido-/servidor_minecraft/mods}, reader: mod manifest]
[26May2026 01:46:01.127] [main/INFO] [net.neoforged.fml.loading.moddiscovery.ModDiscoverer/SCAN]: Found mod file "cumulus_menus-1.21.1-2.0.8-neoforge.jar" [locator: {mods folder locator at /workspaces/server-refluido-/servidor_minecraft/mods}, reader: mod manifest]
[26May2026 01:46:01.134] [main/INFO] [net.neoforged.fml.loading.moddiscovery.ModDiscoverer/SCAN]: Found mod file "curios-neoforge-9.5.1+1.21.1.jar" [locator: {mods folder locator at /workspaces/server-refluido-/servidor_minecraft/mods}, reader: mod manifest]
[26May2026 01:46:01.138] [main/INFO] [net.neoforged.fml.loading.moddiscovery.ModDiscoverer/SCAN]: Found mod file "deep_aether-1.21.1-1.1.5.1.jar" [locator: {mods folder locator at /workspaces/server-refluido-/servidor_minecraft/mods}, reader: mod manifest]
[26May2026 01:46:01.140] [main/INFO] [net.neoforged.fml.loading.moddiscovery.ModDiscoverer/SCAN]: Found mod file "DungeonCrawl-NeoForge-1.21-2.3.17.jar" [locator: {mods folder locator at /workspaces/server-refluido-/servidor_minecraft/mods}, reader: mod manifest]
[26May2026 01:46:01.144] [main/INFO] [net.neoforged.fml.loading.moddiscovery.ModDiscoverer/SCAN]: Found mod file "DungeonsArise-1.21.1-2.1.68-release.jar" [locator: {mods folder locator at /workspaces/server-refluido-/servidor_minecraft/mods}, reader: mod manifest]
[26May2026 01:46:01.146] [main/INFO] [net.neoforged.fml.loading.moddiscovery.ModDiscoverer/SCAN]: Found mod file "echoes_of_the_end__structures_-11.00.12 Release-neoforge-1.21.1.jar" [locator: {mods folder locator at /workspaces/server-refluido-/servidor_minecraft/mods}, reader: mod manifest]
[26May2026 01:46:01.148] [main/INFO] [net.neoforged.fml.loading.moddiscovery.ModDiscoverer/SCAN]: Found mod file "enchdesc-neoforge-1.21.1-21.1.9.jar" [locator: {mods folder locator at /workspaces/server-refluido-/servidor_minecraft/mods}, reader: mod manifest]
[26May2026 01:46:01.151] [main/INFO] [net.neoforged.fml.loading.moddiscovery.ModDiscoverer/SCAN]: Found mod file "FarmersDelight-1.21.1-1.3.1.jar" [locator: {mods folder locator at /workspaces/server-refluido-/servidor_minecraft/mods}, reader: mod manifest]
[26May2026 01:46:01.155] [main/INFO] [net.neoforged.fml.loading.moddiscovery.ModDiscoverer/SCAN]: Found mod file "fdlib-1.0.9-1.21.1.jar" [locator: {mods folder locator at /workspaces/server-refluido-/servidor_minecraft/mods}, reader: mod manifest]
[26May2026 01:46:01.158] [main/INFO] [net.neoforged.fml.loading.moddiscovery.ModDiscoverer/SCAN]: Found mod file "ForgeConfigAPIPort-v21.1.6-1.21.1-NeoForge.jar" [locator: {mods folder locator at /workspaces/server-refluido-/servidor_minecraft/mods}, reader: mod manifest]
[26May2026 01:46:01.160] [main/INFO] [net.neoforged.fml.loading.moddiscovery.ModDiscoverer/SCAN]: Found mod file "framework-neoforge-1.21.1-0.13.11.jar" [locator: {mods folder locator at /workspaces/server-refluido-/servidor_minecraft/mods}, reader: mod manifest]
[26May2026 01:46:01.163] [main/INFO] [net.neoforged.fml.loading.moddiscovery.ModDiscoverer/SCAN]: Found mod file "geckolib-neoforge-1.21.1-4.8.4.jar" [locator: {mods folder locator at /workspaces/server-refluido-/servidor_minecraft/mods}, reader: mod manifest]
[26May2026 01:46:01.165] [main/INFO] [net.neoforged.fml.loading.moddiscovery.ModDiscoverer/SCAN]: Found mod file "GlitchCore-neoforge-1.21.1-2.1.0.0.jar" [locator: {mods folder locator at /workspaces/server-refluido-/servidor_minecraft/mods}, reader: mod manifest]
[26May2026 01:46:01.167] [main/INFO] [net.neoforged.fml.loading.moddiscovery.ModDiscoverer/SCAN]: Found mod file "goblintraders-neoforge-1.21.1-1.11.2.jar" [locator: {mods folder locator at /workspaces/server-refluido-/servidor_minecraft/mods}, reader: mod manifest]
[26May2026 01:46:01.169] [main/INFO] [net.neoforged.fml.loading.moddiscovery.ModDiscoverer/SCAN]: Found mod file "Highlighter-1.21-neoforge-1.1.11.jar" [locator: {mods folder locator at /workspaces/server-refluido-/servidor_minecraft/mods}, reader: mod manifest]
[26May2026 01:46:01.172] [main/INFO] [net.neoforged.fml.loading.moddiscovery.ModDiscoverer/SCAN]: Found mod file "Iceberg-1.21.1-neoforge-1.3.2.jar" [locator: {mods folder locator at /workspaces/server-refluido-/servidor_minecraft/mods}, reader: mod manifest]
[26May2026 01:46:01.175] [main/INFO] [net.neoforged.fml.loading.moddiscovery.ModDiscoverer/SCAN]: Found mod file "infernalmobs-1.21.1.3NF.jar" [locator: {mods folder locator at /workspaces/server-refluido-/servidor_minecraft/mods}, reader: mod manifest]
[26May2026 01:46:01.178] [main/INFO] [net.neoforged.fml.loading.moddiscovery.ModDiscoverer/SCAN]: Found mod file "iris-neoforge-1.8.12+mc1.21.1.jar" [locator: {mods folder locator at /workspaces/server-refluido-/servidor_minecraft/mods}, reader: mod manifest]
[26May2026 01:46:01.181] [main/INFO] [net.neoforged.fml.loading.moddiscovery.ModDiscoverer/SCAN]: Found mod file "Jade-1.21.1-NeoForge-15.10.5.jar" [locator: {mods folder locator at /workspaces/server-refluido-/servidor_minecraft/mods}, reader: mod manifest]
[26May2026 01:46:01.185] [main/INFO] [net.neoforged.fml.loading.moddiscovery.ModDiscoverer/SCAN]: Found mod file "jei-1.21.1-neoforge-19.27.0.340.jar" [locator: {mods folder locator at /workspaces/server-refluido-/servidor_minecraft/mods}, reader: mod manifest]
[26May2026 01:46:01.187] [main/INFO] [net.neoforged.fml.loading.moddiscovery.ModDiscoverer/SCAN]: Found mod file "knightlib-neoforge-1.21.1-1.3.0.jar" [locator: {mods folder locator at /workspaces/server-refluido-/servidor_minecraft/mods}, reader: mod manifest]
[26May2026 01:46:01.190] [main/INFO] [net.neoforged.fml.loading.moddiscovery.ModDiscoverer/SCAN]: Found mod file "knightquest-neoforge-1.21.1-1.9.0.jar" [locator: {mods folder locator at /workspaces/server-refluido-/servidor_minecraft/mods}, reader: mod manifest]
[26May2026 01:46:01.196] [main/INFO] [net.neoforged.fml.loading.moddiscovery.ModDiscoverer/SCAN]: Found mod file "L_Ender's Cataclysm 1.21.1-3.27.jar" [locator: {mods folder locator at /workspaces/server-refluido-/servidor_minecraft/mods}, reader: mod manifest]
[26May2026 01:46:01.202] [main/INFO] [net.neoforged.fml.loading.moddiscovery.ModDiscoverer/SCAN]: Found mod file "libtooltips-1.6.jar" [locator: {mods folder locator at /workspaces/server-refluido-/servidor_minecraft/mods}, reader: mod manifest]
[26May2026 01:46:01.207] [main/INFO] [net.neoforged.fml.loading.moddiscovery.ModDiscoverer/SCAN]: Found mod file "lionfishapi-2.7-fix-fix.jar" [locator: {mods folder locator at /workspaces/server-refluido-/servidor_minecraft/mods}, reader: mod manifest]
[26May2026 01:46:01.209] [main/INFO] [net.neoforged.fml.loading.moddiscovery.ModDiscoverer/SCAN]: Found mod file "lodestone-1.21.1-1.8.2.jar" [locator: {mods folder locator at /workspaces/server-refluido-/servidor_minecraft/mods}, reader: mod manifest]
[26May2026 01:46:01.211] [main/INFO] [net.neoforged.fml.loading.moddiscovery.ModDiscoverer/SCAN]: Found mod file "mcef-neoforge-2.1.6-1.21.1.jar" [locator: {mods folder locator at /workspaces/server-refluido-/servidor_minecraft/mods}, reader: mod manifest]
[26May2026 01:46:01.213] [main/INFO] [net.neoforged.fml.loading.moddiscovery.ModDiscoverer/SCAN]: Found mod file "mcw-bridges-3.1.2-mc1.21.1neoforge.jar" [locator: {mods folder locator at /workspaces/server-refluido-/servidor_minecraft/mods}, reader: mod manifest]
[26May2026 01:46:01.215] [main/INFO] [net.neoforged.fml.loading.moddiscovery.ModDiscoverer/SCAN]: Found mod file "mcw-doors-1.1.5-mc1.21.1neoforge.jar" [locator: {mods folder locator at /workspaces/server-refluido-/servidor_minecraft/mods}, reader: mod manifest]
[26May2026 01:46:01.232] [main/INFO] [net.neoforged.fml.loading.moddiscovery.ModDiscoverer/SCAN]: Found mod file "mcw-furniture-3.4.1-mc1.21.1neoforge.jar" [locator: {mods folder locator at /workspaces/server-refluido-/servidor_minecraft/mods}, reader: mod manifest]
[26May2026 01:46:01.234] [main/INFO] [net.neoforged.fml.loading.moddiscovery.ModDiscoverer/SCAN]: Found mod file "mcw-holidays-1.1.2-mc1.21.1neoforge.jar" [locator: {mods folder locator at /workspaces/server-refluido-/servidor_minecraft/mods}, reader: mod manifest]
[26May2026 01:46:01.236] [main/INFO] [net.neoforged.fml.loading.moddiscovery.ModDiscoverer/SCAN]: Found mod file "mcw-lights-1.1.5-mc1.21.1neoforge.jar" [locator: {mods folder locator at /workspaces/server-refluido-/servidor_minecraft/mods}, reader: mod manifest]
[26May2026 01:46:01.239] [main/INFO] [net.neoforged.fml.loading.moddiscovery.ModDiscoverer/SCAN]: Found mod file "mcw-mcwfences-1.2.1-mc1.21.1neoforge.jar" [locator: {mods folder locator at /workspaces/server-refluido-/servidor_minecraft/mods}, reader: mod manifest]
[26May2026 01:46:01.242] [main/INFO] [net.neoforged.fml.loading.moddiscovery.ModDiscoverer/SCAN]: Found mod file "mcw-mcwpaths-1.1.1-mc1.21.1neoforge.jar" [locator: {mods folder locator at /workspaces/server-refluido-/servidor_minecraft/mods}, reader: mod manifest]
[26May2026 01:46:01.244] [main/INFO] [net.neoforged.fml.loading.moddiscovery.ModDiscoverer/SCAN]: Found mod file "mcw-mcwstairs-1.0.2-mc1.21.1neoforge.jar" [locator: {mods folder locator at /workspaces/server-refluido-/servidor_minecraft/mods}, reader: mod manifest]
[26May2026 01:46:01.247] [main/INFO] [net.neoforged.fml.loading.moddiscovery.ModDiscoverer/SCAN]: Found mod file "mcw-mcwwindows-2.4.2-mc1.21.1neoforge.jar" [locator: {mods folder locator at /workspaces/server-refluido-/servidor_minecraft/mods}, reader: mod manifest]
[26May2026 01:46:01.249] [main/INFO] [net.neoforged.fml.loading.moddiscovery.ModDiscoverer/SCAN]: Found mod file "mcw-paintings-1.1.0-mc1.21.1neoforge.jar" [locator: {mods folder locator at /workspaces/server-refluido-/servidor_minecraft/mods}, reader: mod manifest]
[26May2026 01:46:01.252] [main/INFO] [net.neoforged.fml.loading.moddiscovery.ModDiscoverer/SCAN]: Found mod file "mcw-roofs-2.3.2-mc1.21.1neoforge.jar" [locator: {mods folder locator at /workspaces/server-refluido-/servidor_minecraft/mods}, reader: mod manifest]
[26May2026 01:46:01.255] [main/INFO] [net.neoforged.fml.loading.moddiscovery.ModDiscoverer/SCAN]: Found mod file "mcw-trapdoors-1.1.5-mc1.21.1neoforge.jar" [locator: {mods folder locator at /workspaces/server-refluido-/servidor_minecraft/mods}, reader: mod manifest]
[26May2026 01:46:01.263] [main/INFO] [net.neoforged.fml.loading.moddiscovery.ModDiscoverer/SCAN]: Found mod file "mcwbiomesoplenty-neoforge-1.21.1-1.5.jar" [locator: {mods folder locator at /workspaces/server-refluido-/servidor_minecraft/mods}, reader: mod manifest]
[26May2026 01:46:01.265] [main/INFO] [net.neoforged.fml.loading.moddiscovery.ModDiscoverer/SCAN]: Found mod file "minersdelight-1.21.1-1.4.5.jar" [locator: {mods folder locator at /workspaces/server-refluido-/servidor_minecraft/mods}, reader: mod manifest]
[26May2026 01:46:01.266] [main/INFO] [net.neoforged.fml.loading.moddiscovery.ModDiscoverer/SCAN]: Found mod file "moogs_structures-neoforge-1.21.1-2.0.2.jar" [locator: {mods folder locator at /workspaces/server-refluido-/servidor_minecraft/mods}, reader: mod manifest]
[26May2026 01:46:01.268] [main/INFO] [net.neoforged.fml.loading.moddiscovery.ModDiscoverer/SCAN]: Found mod file "MoogsEndStructures-1.21-2.0.2.jar" [locator: {mods folder locator at /workspaces/server-refluido-/servidor_minecraft/mods}, reader: mod manifest]
[26May2026 01:46:01.273] [main/INFO] [net.neoforged.fml.loading.moddiscovery.ModDiscoverer/SCAN]: Found mod file "moonlight-neoforge-1.21.1-3.0.7.jar" [locator: {mods folder locator at /workspaces/server-refluido-/servidor_minecraft/mods}, reader: mod manifest]
[26May2026 01:46:01.275] [main/INFO] [net.neoforged.fml.loading.moddiscovery.ModDiscoverer/SCAN]: Found mod file "mowziesmobs-1.21.1-1.8.2.jar" [locator: {mods folder locator at /workspaces/server-refluido-/servidor_minecraft/mods}, reader: mod manifest]
[26May2026 01:46:01.276] [main/INFO] [net.neoforged.fml.loading.moddiscovery.ModDiscoverer/SCAN]: Found mod file "MutantMonsters-v21.1.1-1.21.1-NeoForge.jar" [locator: {mods folder locator at /workspaces/server-refluido-/servidor_minecraft/mods}, reader: mod manifest]
[26May2026 01:46:01.278] [main/INFO] [net.neoforged.fml.loading.moddiscovery.ModDiscoverer/SCAN]: Found mod file "MyNethersDelight-1.21.1-1.10.2.jar" [locator: {mods folder locator at /workspaces/server-refluido-/servidor_minecraft/mods}, reader: mod manifest]
[26May2026 01:46:01.281] [main/INFO] [net.neoforged.fml.loading.moddiscovery.ModDiscoverer/SCAN]: Found mod file "netherdepthsupgrade-3.1.8-1.21.jar" [locator: {mods folder locator at /workspaces/server-refluido-/servidor_minecraft/mods}, reader: mod manifest]
[26May2026 01:46:01.283] [main/INFO] [net.neoforged.fml.loading.moddiscovery.ModDiscoverer/SCAN]: Found mod file "ntgl-1.21.1-3.1.4.jar" [locator: {mods folder locator at /workspaces/server-refluido-/servidor_minecraft/mods}, reader: mod manifest]
[26May2026 01:46:01.285] [main/INFO] [net.neoforged.fml.loading.moddiscovery.ModDiscoverer/SCAN]: Found mod file "owo-lib-neoforge-0.12.15.5-beta.1+1.21.jar" [locator: {mods folder locator at /workspaces/server-refluido-/servidor_minecraft/mods}, reader: mod manifest]
[26May2026 01:46:01.287] [main/INFO] [net.neoforged.fml.loading.moddiscovery.ModDiscoverer/SCAN]: Found mod file "Paraglider-neoforge-21.1.5.jar" [locator: {mods folder locator at /workspaces/server-refluido-/servidor_minecraft/mods}, reader: mod manifest]
[26May2026 01:46:01.289] [main/INFO] [net.neoforged.fml.loading.moddiscovery.ModDiscoverer/SCAN]: Found mod file "PlayerRevive_NEOFORGE_v2.1.2_mc1.21.1.jar" [locator: {mods folder locator at /workspaces/server-refluido-/servidor_minecraft/mods}, reader: mod manifest]
[26May2026 01:46:01.291] [main/INFO] [net.neoforged.fml.loading.moddiscovery.ModDiscoverer/SCAN]: Found mod file "powergrid-mc1.21.1-0.5.5.1.jar" [locator: {mods folder locator at /workspaces/server-refluido-/servidor_minecraft/mods}, reader: mod manifest]
[26May2026 01:46:01.293] [main/INFO] [net.neoforged.fml.loading.moddiscovery.ModDiscoverer/SCAN]: Found mod file "prickle-neoforge-1.21.1-21.1.11.jar" [locator: {mods folder locator at /workspaces/server-refluido-/servidor_minecraft/mods}, reader: mod manifest]
[26May2026 01:46:01.294] [main/INFO] [net.neoforged.fml.loading.moddiscovery.ModDiscoverer/SCAN]: Found mod file "PuzzlesLib-v21.1.39-1.21.1-NeoForge.jar" [locator: {mods folder locator at /workspaces/server-refluido-/servidor_minecraft/mods}, reader: mod manifest]
[26May2026 01:46:01.297] [main/INFO] [net.neoforged.fml.loading.moddiscovery.ModDiscoverer/SCAN]: Found mod file "sable-neoforge-1.21.1-1.2.2.jar" [locator: {mods folder locator at /workspaces/server-refluido-/servidor_minecraft/mods}, reader: mod manifest]
[26May2026 01:46:01.300] [main/INFO] [net.neoforged.fml.loading.moddiscovery.ModDiscoverer/SCAN]: Found mod file "skinrestorer-2.7.0+1.21-neoforge.jar" [locator: {mods folder locator at /workspaces/server-refluido-/servidor_minecraft/mods}, reader: mod manifest]
[26May2026 01:46:01.303] [main/INFO] [net.neoforged.fml.loading.moddiscovery.ModDiscoverer/SCAN]: Found mod file "sodium-neoforge-0.6.13+mc1.21.1.jar" [locator: {mods folder locator at /workspaces/server-refluido-/servidor_minecraft/mods}, reader: mod manifest]
[26May2026 01:46:01.305] [main/INFO] [net.neoforged.fml.loading.moddiscovery.ModDiscoverer/SCAN]: Found mod file "sophisticatedbackpacks-1.21.1-3.25.44.1736.jar" [locator: {mods folder locator at /workspaces/server-refluido-/servidor_minecraft/mods}, reader: mod manifest]
[26May2026 01:46:01.308] [main/INFO] [net.neoforged.fml.loading.moddiscovery.ModDiscoverer/SCAN]: Found mod file "sophisticatedcore-1.21.1-1.4.38.1847.jar" [locator: {mods folder locator at /workspaces/server-refluido-/servidor_minecraft/mods}, reader: mod manifest]
[26May2026 01:46:01.312] [main/INFO] [net.neoforged.fml.loading.moddiscovery.ModDiscoverer/SCAN]: Found mod file "starcatcher-2.3.9-NEOFORGE-1.21.1.jar" [locator: {mods folder locator at /workspaces/server-refluido-/servidor_minecraft/mods}, reader: mod manifest]
[26May2026 01:46:01.314] [main/INFO] [net.neoforged.fml.loading.moddiscovery.ModDiscoverer/SCAN]: Found mod file "starcatcher_delight-1.0-NEOFORGE-1.21.1.jar" [locator: {mods folder locator at /workspaces/server-refluido-/servidor_minecraft/mods}, reader: mod manifest]
[26May2026 01:46:01.316] [main/INFO] [net.neoforged.fml.loading.moddiscovery.ModDiscoverer/SCAN]: Found mod file "supermartijn642configlib-1.1.8-neoforge-mc1.21.jar" [locator: {mods folder locator at /workspaces/server-refluido-/servidor_minecraft/mods}, reader: mod manifest]
[26May2026 01:46:01.318] [main/INFO] [net.neoforged.fml.loading.moddiscovery.ModDiscoverer/SCAN]: Found mod file "supermartijn642corelib-1.1.21-neoforge-mc1.21.jar" [locator: {mods folder locator at /workspaces/server-refluido-/servidor_minecraft/mods}, reader: mod manifest]
[26May2026 01:46:01.323] [main/INFO] [net.neoforged.fml.loading.moddiscovery.ModDiscoverer/SCAN]: Found mod file "supplementaries-neoforge-1.21.1-3.6.4.jar" [locator: {mods folder locator at /workspaces/server-refluido-/servidor_minecraft/mods}, reader: mod manifest]
[26May2026 01:46:01.324] [main/INFO] [net.neoforged.fml.loading.moddiscovery.ModDiscoverer/SCAN]: Found mod file "TerraBlender-neoforge-1.21.1-4.1.0.8.jar" [locator: {mods folder locator at /workspaces/server-refluido-/servidor_minecraft/mods}, reader: mod manifest]
[26May2026 01:46:01.326] [main/INFO] [net.neoforged.fml.loading.moddiscovery.ModDiscoverer/SCAN]: Found mod file "tombstone-neoforge-1.21.1-9.4.9.jar" [locator: {mods folder locator at /workspaces/server-refluido-/servidor_minecraft/mods}, reader: mod manifest]
[26May2026 01:46:01.328] [main/INFO] [net.neoforged.fml.loading.moddiscovery.ModDiscoverer/SCAN]: Found mod file "too_many_bows-neoforge-1.21.1-3.4.0.jar" [locator: {mods folder locator at /workspaces/server-refluido-/servidor_minecraft/mods}, reader: mod manifest]
[26May2026 01:46:01.329] [main/INFO] [net.neoforged.fml.loading.moddiscovery.ModDiscoverer/SCAN]: Found mod file "trading_floor-3.0.16.jar" [locator: {mods folder locator at /workspaces/server-refluido-/servidor_minecraft/mods}, reader: mod manifest]
[26May2026 01:46:01.332] [main/INFO] [net.neoforged.fml.loading.moddiscovery.ModDiscoverer/SCAN]: Found mod file "trashslot-neoforge-1.21.1-21.1.10.jar" [locator: {mods folder locator at /workspaces/server-refluido-/servidor_minecraft/mods}, reader: mod manifest]
[26May2026 01:46:01.334] [main/INFO] [net.neoforged.fml.loading.moddiscovery.ModDiscoverer/SCAN]: Found mod file "waystones-neoforge-1.21.1-21.1.32.jar" [locator: {mods folder locator at /workspaces/server-refluido-/servidor_minecraft/mods}, reader: mod manifest]
[26May2026 01:46:01.335] [main/INFO] [net.neoforged.fml.loading.moddiscovery.ModDiscoverer/SCAN]: Found mod file "WebDisplays-REMASTER-2.0.0.jar" [locator: {mods folder locator at /workspaces/server-refluido-/servidor_minecraft/mods}, reader: mod manifest]
[26May2026 01:46:01.337] [main/INFO] [net.neoforged.fml.loading.moddiscovery.ModDiscoverer/SCAN]: Found mod file "xaerominimap-neoforge-1.21.1-25.3.13.jar" [locator: {mods folder locator at /workspaces/server-refluido-/servidor_minecraft/mods}, reader: mod manifest]
[26May2026 01:46:01.340] [main/INFO] [net.neoforged.fml.loading.moddiscovery.ModDiscoverer/SCAN]: Found mod file "xaeroworldmap-neoforge-1.21.1-1.40.16.jar" [locator: {mods folder locator at /workspaces/server-refluido-/servidor_minecraft/mods}, reader: mod manifest]
[26May2026 01:46:02.240] [main/WARN] [net.neoforged.jarjar.selection.JarSelector/]: Attempted to select a dependency jar for JarJar which was passed in as source: terrablender. Using Mod File: /workspaces/server-refluido-/servidor_minecraft/mods/TerraBlender-neoforge-1.21.1-4.1.0.8.jar
[26May2026 01:46:02.241] [main/WARN] [net.neoforged.jarjar.selection.JarSelector/]: Attempted to select a dependency jar for JarJar which was passed in as source: accessories. Using Mod File: /workspaces/server-refluido-/servidor_minecraft/mods/accessories-neoforge-1.1.0-beta.53+1.21.1.jar
[26May2026 01:46:02.241] [main/WARN] [net.neoforged.jarjar.selection.JarSelector/]: Attempted to select a dependency jar for JarJar which was passed in as source: cumulus_menus. Using Mod File: /workspaces/server-refluido-/servidor_minecraft/mods/cumulus_menus-1.21.1-2.0.8-neoforge.jar
[26May2026 01:46:02.241] [main/WARN] [net.neoforged.jarjar.selection.JarSelector/]: Attempted to select a dependency jar for JarJar which was passed in as source: libtooltips. Using Mod File: /workspaces/server-refluido-/servidor_minecraft/mods/libtooltips-1.6.jar
[26May2026 01:46:02.241] [main/INFO] [net.neoforged.fml.loading.moddiscovery.locators.JarInJarDependencyLocator/]: Found 43 dependencies adding them to mods collection
[26May2026 01:46:02.241] [main/INFO] [net.neoforged.fml.loading.moddiscovery.ModDiscoverer/SCAN]: Found gamelibrary file "mixinextras-neoforge-0.5.3.jar" [parent: neoforge-21.1.229-universal.jar, locator: jarinjar, reader: mod manifest]
[26May2026 01:46:02.241] [main/INFO] [net.neoforged.fml.loading.moddiscovery.ModDiscoverer/SCAN]: Found mod file "fancytabsections-2.0-NEOFORGE-1.21.1.jar" [parent: starcatcher_delight-1.0-NEOFORGE-1.21.1.jar, locator: jarinjar, reader: mod manifest]
[26May2026 01:46:02.241] [main/INFO] [net.neoforged.fml.loading.moddiscovery.ModDiscoverer/SCAN]: Found mod file "kuma-api-neoforge-21.0.7+1.21.jar" [parent: balm-neoforge-1.21.1-21.0.56.jar, locator: jarinjar, reader: mod manifest]
[26May2026 01:46:02.241] [main/INFO] [net.neoforged.fml.loading.moddiscovery.ModDiscoverer/SCAN]: Found library file "gson-0.1.5.1.jar" [parent: owo-lib-neoforge-0.12.15.5-beta.1+1.21.jar, locator: jarinjar]
[26May2026 01:46:02.242] [main/INFO] [net.neoforged.fml.loading.moddiscovery.ModDiscoverer/SCAN]: Found mod file "fabric-renderer-api-v1-3.4.0+acb05a3919.jar" [parent: iris-neoforge-1.8.12+mc1.21.1.jar, locator: jarinjar, reader: mod manifest]
[26May2026 01:46:02.242] [main/INFO] [net.neoforged.fml.loading.moddiscovery.ModDiscoverer/SCAN]: Found mod file "fabric-api-base-0.4.42+d1308dedd1.jar" [parent: owo-lib-neoforge-0.12.15.5-beta.1+1.21.jar, locator: jarinjar, reader: mod manifest]
[26May2026 01:46:02.242] [main/INFO] [net.neoforged.fml.loading.moddiscovery.ModDiscoverer/SCAN]: Found library file "ejml-core-0.44.0.jar" [parent: powergrid-mc1.21.1-0.5.5.1.jar, locator: jarinjar]
[26May2026 01:46:02.242] [main/INFO] [net.neoforged.fml.loading.moddiscovery.ModDiscoverer/SCAN]: Found library file "glsl-processor-0.2.3.jar" [parent: veil-neoforge-1.21.1-4.0.0.jar, locator: jarinjar]
[26May2026 01:46:02.242] [main/INFO] [net.neoforged.fml.loading.moddiscovery.ModDiscoverer/SCAN]: Found library file "jankson-0.1.5.1.jar" [parent: owo-lib-neoforge-0.12.15.5-beta.1+1.21.jar, locator: jarinjar]
[26May2026 01:46:02.242] [main/INFO] [net.neoforged.fml.loading.moddiscovery.ModDiscoverer/SCAN]: Found mod file "tiny-multiblock-lib-neo-1.21.1-3.0.jar" [parent: wds-selling-bin-nrGOzmNu.jar, locator: jarinjar, reader: mod manifest]
[26May2026 01:46:02.242] [main/INFO] [net.neoforged.fml.loading.moddiscovery.ModDiscoverer/SCAN]: Found mod file "ponder-neoforge-1.0.82+mc1.21.1.jar" [parent: create-1.21.1-6.0.10.jar, locator: jarinjar, reader: mod manifest]
[26May2026 01:46:02.242] [main/INFO] [net.neoforged.fml.loading.moddiscovery.ModDiscoverer/SCAN]: Found library file "net.neoforged.neoforge-coremods-21.1.229.jar" [parent: neoforge-21.1.229-universal.jar, locator: jarinjar, reader: mod manifest]
[26May2026 01:46:02.243] [main/INFO] [net.neoforged.fml.loading.moddiscovery.ModDiscoverer/SCAN]: Found mod file "xaerolib-neoforge-1.21.1-1.1.15.jar" [parent: xaerominimap-neoforge-1.21.1-25.3.13.jar, locator: jarinjar, reader: mod manifest]
[26May2026 01:46:02.243] [main/INFO] [net.neoforged.fml.loading.moddiscovery.ModDiscoverer/SCAN]: Found mod file "dev.eriksonn.aeronautics.aeronautics-neoforge-1.21.1-1.2.1.jar" [parent: create-aeronautics-bundled-1.21.1-1.2.1.jar, locator: jarinjar, reader: mod manifest]
[26May2026 01:46:02.243] [main/INFO] [net.neoforged.fml.loading.moddiscovery.ModDiscoverer/SCAN]: Found library file "MixinSquared-0.3.3.jar" [parent: mixinsquared-forge-0.3.3.jar, locator: jarinjar]
[26May2026 01:46:02.243] [main/INFO] [net.neoforged.fml.loading.moddiscovery.ModDiscoverer/SCAN]: Found library file "java-client-3.2.1-SNAPSHOT.jar" [parent: skinrestorer-2.7.0+1.21-neoforge.jar, locator: jarinjar]
[26May2026 01:46:02.243] [main/INFO] [net.neoforged.fml.loading.moddiscovery.ModDiscoverer/SCAN]: Found library file "jcpp-1.4.14.jar" [parent: iris-neoforge-1.8.12+mc1.21.1.jar, locator: jarinjar]
[26May2026 01:46:02.243] [main/INFO] [net.neoforged.fml.loading.moddiscovery.ModDiscoverer/SCAN]: Found mod file "aeroblender-1.21.1-1.0.0-neoforge.jar" [parent: deep_aether-1.21.1-1.1.5.1.jar, locator: jarinjar, reader: mod manifest]
[26May2026 01:46:02.243] [main/INFO] [net.neoforged.fml.loading.moddiscovery.ModDiscoverer/SCAN]: Found mod file "wds-selling-bin-nrGOzmNu.jar" [parent: starcatcher-2.3.9-NEOFORGE-1.21.1.jar, locator: jarinjar, reader: mod manifest]
[26May2026 01:46:02.243] [main/INFO] [net.neoforged.fml.loading.moddiscovery.ModDiscoverer/SCAN]: Found mod file "sable-companion-common-1.21.1-1.6.0.jar" [parent: sable-neoforge-1.21.1-1.2.2.jar, locator: jarinjar, reader: mod manifest]
[26May2026 01:46:02.243] [main/INFO] [net.neoforged.fml.loading.moddiscovery.ModDiscoverer/SCAN]: Found mod file "flywheel-neoforge-1.21.1-1.0.6.jar" [parent: create-1.21.1-6.0.10.jar, locator: jarinjar, reader: mod manifest]
[26May2026 01:46:02.244] [main/INFO] [net.neoforged.fml.loading.moddiscovery.ModDiscoverer/SCAN]: Found mod file "emberstextapi-neoforge-1.21.1-2.9.3.jar" [parent: libtooltips-1.6.jar, locator: jarinjar, reader: mod manifest]
[26May2026 01:46:02.244] [main/INFO] [net.neoforged.fml.loading.moddiscovery.ModDiscoverer/SCAN]: Found library file "netty-0.1.4.1.jar" [parent: owo-lib-neoforge-0.12.15.5-beta.1+1.21.jar, locator: jarinjar]
[26May2026 01:46:02.244] [main/INFO] [net.neoforged.fml.loading.moddiscovery.ModDiscoverer/SCAN]: Found library file "endec-0.1.8.1.jar" [parent: owo-lib-neoforge-0.12.15.5-beta.1+1.21.jar, locator: jarinjar]
[26May2026 01:46:02.244] [main/INFO] [net.neoforged.fml.loading.moddiscovery.ModDiscoverer/SCAN]: Found library file "glsl-transformer-2.0.1.jar" [parent: iris-neoforge-1.8.12+mc1.21.1.jar, locator: jarinjar]
[26May2026 01:46:02.244] [main/INFO] [net.neoforged.fml.loading.moddiscovery.ModDiscoverer/SCAN]: Found mod file "fabric-block-view-api-v2-1.0.10+9afaaf8c19.jar" [parent: sodium-neoforge-0.6.13+mc1.21.1.jar, locator: jarinjar, reader: mod manifest]
[26May2026 01:46:02.244] [main/INFO] [net.neoforged.fml.loading.moddiscovery.ModDiscoverer/SCAN]: Found mod file "veil-neoforge-1.21.1-4.0.0.jar" [parent: sable-neoforge-1.21.1-1.2.2.jar, locator: jarinjar, reader: mod manifest]
[26May2026 01:46:02.244] [main/INFO] [net.neoforged.fml.loading.moddiscovery.ModDiscoverer/SCAN]: Found library file "net.caffeinemc.sodium-neoforge-0.6.13+mc1.21.1-service.jar" [parent: sodium-neoforge-0.6.13+mc1.21.1.jar, locator: jarinjar, reader: mod manifest]
[26May2026 01:46:02.244] [main/INFO] [net.neoforged.fml.loading.moddiscovery.ModDiscoverer/SCAN]: Found library file "kaleido-config-0.3.3+1.3.2.jar" [parent: alloyed-3.0.9+1.21.1-neoforge.jar, locator: jarinjar]
[26May2026 01:46:02.245] [main/INFO] [net.neoforged.fml.loading.moddiscovery.ModDiscoverer/SCAN]: Found library file "ejml-ddense-0.44.0.jar" [parent: powergrid-mc1.21.1-0.5.5.1.jar, locator: jarinjar]
[26May2026 01:46:02.245] [main/INFO] [net.neoforged.fml.loading.moddiscovery.ModDiscoverer/SCAN]: Found mod file "dev.simulated_team.simulated.simulated-neoforge-1.21.1-1.2.1.jar" [parent: create-aeronautics-bundled-1.21.1-1.2.1.jar, locator: jarinjar, reader: mod manifest]
[26May2026 01:46:02.245] [main/INFO] [net.neoforged.fml.loading.moddiscovery.ModDiscoverer/SCAN]: Found gamelibrary file "mixinsquared-forge-0.3.3.jar" [parent: supplementaries-neoforge-1.21.1-3.6.4.jar, locator: jarinjar, reader: mod manifest]
[26May2026 01:46:02.245] [main/INFO] [net.neoforged.fml.loading.moddiscovery.ModDiscoverer/SCAN]: Found mod file "conditional-mixin-neoforge-0.6.4.jar" [parent: CreateDragonsPlus-1.10.0b.jar, locator: jarinjar, reader: mod manifest]
[26May2026 01:46:02.245] [main/INFO] [net.neoforged.fml.loading.moddiscovery.ModDiscoverer/SCAN]: Found mod file "fabric-rendering-data-attachment-v1-0.3.48+73761d2e19.jar" [parent: iris-neoforge-1.8.12+mc1.21.1.jar, locator: jarinjar, reader: mod manifest]
[26May2026 01:46:02.245] [main/INFO] [net.neoforged.fml.loading.moddiscovery.ModDiscoverer/SCAN]: Found library file "molang-compiler-3.1.1.19.jar" [parent: veil-neoforge-1.21.1-4.0.0.jar, locator: jarinjar]
[26May2026 01:46:02.245] [main/INFO] [net.neoforged.fml.loading.moddiscovery.ModDiscoverer/SCAN]: Found mod file "nitrogen_internals-1.21.1-1.1.25-neoforge.jar" [parent: aether-1.21.1-1.5.10-neoforge.jar, locator: jarinjar, reader: mod manifest]
[26May2026 01:46:02.245] [main/INFO] [net.neoforged.fml.loading.moddiscovery.ModDiscoverer/SCAN]: Found library file "ejml-dsparse-0.44.0.jar" [parent: powergrid-mc1.21.1-0.5.5.1.jar, locator: jarinjar]
[26May2026 01:46:02.245] [main/INFO] [net.neoforged.fml.loading.moddiscovery.ModDiscoverer/SCAN]: Found gamelibrary file "Registrate-MC1.21-1.3.0+67.jar" [parent: create-1.21.1-6.0.10.jar, locator: jarinjar, reader: mod manifest]
[26May2026 01:46:02.245] [main/INFO] [net.neoforged.fml.loading.moddiscovery.ModDiscoverer/SCAN]: Found mod file "expandability-neoforge-12.0.0.jar" [parent: artifacts-neoforge-13.2.1.jar, locator: jarinjar, reader: mod manifest]
[26May2026 01:46:02.246] [main/INFO] [net.neoforged.fml.loading.moddiscovery.ModDiscoverer/SCAN]: Found mod file "dev.ryanhcode.offroad.offroad-neoforge-1.21.1-1.2.1.jar" [parent: create-aeronautics-bundled-1.21.1-1.2.1.jar, locator: jarinjar, reader: mod manifest]
[26May2026 01:46:02.246] [main/INFO] [net.neoforged.fml.loading.moddiscovery.ModDiscoverer/SCAN]: Found library file "ejml-simple-0.44.0.jar" [parent: powergrid-mc1.21.1-0.5.5.1.jar, locator: jarinjar]
[26May2026 01:46:02.246] [main/INFO] [net.neoforged.fml.loading.moddiscovery.ModDiscoverer/SCAN]: Found mod file "esl-neoforge-1.21.1-1.0.3+neoforge-mc1.21.1.jar" [parent: create-new-age-1.1.7c+neoforge-mc1.21.1.jar, locator: jarinjar, reader: mod manifest]
[26May2026 01:46:02.246] [main/INFO] [net.neoforged.fml.loading.moddiscovery.ModDiscoverer/SCAN]: Found library file "jankson-1.2.2.jar" [parent: owo-lib-neoforge-0.12.15.5-beta.1+1.21.jar, locator: jarinjar]
[26May2026 01:46:02.251] [main/INFO] [net.neoforged.fml.loading.moddiscovery.ModDiscoverer/]: 
     Mod List:
		Name Version (Mod Id)

		Accessories 1.1.0-beta.53+1.21.1 (accessories)
		Addons Lib 1.21.1-1.10 (addonslib)
		Advancement Plaques 1.6.8 (advancementplaques)
		AeroBlender 1.0.0 (aeroblender)
		Alloyed 3.0.9+1.21.1 (alloyed)
		AnvilCore 10.1 (anvilcore)
		AppleSkin 3.0.9+mc1.21 (appleskin)
		Architectury 13.0.8 (architectury)
		Artifacts 13.2.1 (artifacts)
		Balm 21.0.56 (balm)
		Biomes O' Plenty 21.1.0.13 (biomesoplenty)
		Bookshelf 21.1.81 (bookshelf)
		Born in Chaos  1.7.5 (born_in_chaos_v1)
		Cinematic Cataclysm 1.0.1 (cinematiccataclysm)
		conditional mixin 0.6.4 (conditional_mixin)
		Corail Tombstone 9.4.9 (tombstone)
		CosmeticArmorReworked 1.21.1-v1-neoforge (cosmeticarmorreworked)
		Crafting Tweaks 21.1.10 (craftingtweaks)
		Create 6.0.10 (create)
		Create Aeronautics 1.2.1 (aeronautics_bundled)
		Create Aeronautics 1.2.1 (aeronautics)
		Create Bits 'n' Bobs 0.0.44 (bits_n_bobs)
		Create Confectionery 1.1.3. (create_confectionery)
		Create Crafts & Additions 1.5.10 (createaddition)
		Create Deco 2.1.3 (createdeco)
		Create Diesel Generators 1.21.1-1.3.11 (createdieselgenerators)
		Create Encased 1.8-ht2 (createcasing)
		Create Hypertube 0.4.0-COMPAT (create_hypertube)
		Create Nuclear 1.3.2-beta.3 (createnuclear)
		Create Offroad 1.2.1 (offroad)
		Create Optical Mod 0.4.2 (create_optical)
		Create Ore Excavation 1.6.8 (createoreexcavation)
		Create Photomovement 0.3.3 (createphotomovement)
		Create Simulated 1.2.1 (simulated)
		Create Stuff 'N Additions 2.1.2 (create_sa)
		Create Teleporters Remastered 2.0.2 (createteleporters)
		Create: Bells & Whistles 0.4.7-1.21.1 (bellsandwhistles)
		Create: Copycats+ 3.0.4+mc.1.21.1-neoforge (copycats)
		Create: Dragons Plus 1.10.0b (create_dragons_plus)
		Create: Easy Structures 0.2 (create_easy_structures)
		Create: Enchantment Industry 2.3.1 (create_enchantment_industry)
		Create: Framed 1.7.3 (createframed)
		Create: Gunsmithing 1.4.5 (cgs)
		Create: New Age 1.1.7c+mc1.21.1 (create_new_age)
		Create: Oxidized 0.1.3 (create_oxidized)
		Create: Power Grid 0.5.5.1 (powergrid)
		Create: Structures Arise 174.47.46 (create_structures_arise)
		Create: Trading Floor 3.0.16 (trading_floor)
		Create: Ultimate Factory 2.2.4 (create_ultimate_factory)
		CreateBetterFps 1.1.4 (createbetterfps)
		CreativeCore 2.13.38 (creativecore)
		Cumulus 2.0.8 (cumulus_menus)
		Curios API 9.5.1+1.21.1 (curios)
		Deep Aether 1.21.1-1.1.5.1 (deep_aether)
		Dungeon Crawl 2.3.17 (dungeoncrawl)
		Echoes of the End ( Structures ) 11.00.12 (echoes_of_the_end__structures_)
		Ember's Text API 2.9.3 (emberstextapi)
		EnchantmentDescriptions 21.1.9 (enchdesc)
		ESL 1.0.3 (esl)
		ExpandAbility 12.0.0 (expandability)
		Fancy Tab Sections 2.0-NEOFORGE-1.21.1 (fancytabsections)
		Farmer's Delight 1.3.1 (farmersdelight)
		FDLib 1.0.9 (fdlib)
		Flywheel 1.0.6 (flywheel)
		Forge Config API Port 21.1.6 (forgeconfigapiport)
		Forgified Fabric API Base 0.4.42+d1308dedd1 (fabric_api_base)
		Forgified Fabric BlockView API (v2) 1.0.10+9afaaf8c19 (fabric_block_view_api_v2)
		Forgified Fabric Renderer API (v1) 3.4.0+acb05a3919 (fabric_renderer_api_v1)
		Forgified Fabric Rendering Data Attachment (v1) 0.3.48+73761d2e19 (fabric_rendering_data_attachment_v1)
		Framework 0.13.11 (framework)
		GeckoLib 4 4.8.4 (geckolib)
		GlitchCore 2.1.0.0 (glitchcore)
		Goblin Traders 1.11.2 (goblintraders)
		Highlighter 1.1.11 (highlighter)
		Iceberg 1.3.2 (iceberg)
		Infernal Mobs 1.21.1.3NF (infernalmobs)
		Iris 1.8.12-snapshot+mc1.21.1-local (iris)
		Jade 15.10.5+neoforge (jade)
		Just Enough Items 19.27.0.340 (jei)
		Knight Lib 1.3.0 (knightlib)
		Knight Quest 1.9.0 (knightquest)
		KumaAPI 21.0.7 (kuma_api)
		L_Ender's Cataclysm 1.21.1 3.27 (cataclysm)
		lionfishapi 2.7 (lionfishapi)
		Lodestone 1.8.2 (lodestone)
		Macaw's Biomes O' Plenty 1.21.1-1.5 (mcwbiomesoplenty)
		Macaw's Bridges 3.1.2 (mcwbridges)
		Macaw's Doors 1.1.5 (mcwdoors)
		Macaw's Fences and Walls 1.2.1 (mcwfences)
		Macaw's Furniture 3.4.1 (mcwfurnitures)
		Macaw's Holidays 1.1.2 (mcwholidays)
		Macaw's Lights and Lamps 1.1.5 (mcwlights)
		Macaw's Paintings 1.1.0 (mcwpaintings)
		Macaw's Paths and Pavings 1.1.1 (mcwpaths)
		Macaw's Roofs 2.3.2 (mcwroofs)
		Macaw's Stairs and Balconies 1.0.2 (mcwstairs)
		Macaw's Trapdoors 1.1.5 (mcwtrpdoors)
		Macaw's Windows 2.4.2 (mcwwindows)
		MCEF (Minecraft Chromium Embedded Framework) 2.1.6-1.21.1 (mcef)
		Minecraft 1.21.1 (minecraft)
		Miners Delight 1.4.5 (minersdelight)
		Moog's Structure Lib 2.0.2 (moogs_structures)
		MoogsEndStructures 2.0.2 (mes)
		Moonlight Lib 1.21.1-3.0.7 (moonlight)
		Mowzie's Mobs 1.8.2 (mowziesmobs)
		Mutant Monsters 21.1.1 (mutantmonsters)
		My Nether's Delight 1.10.2 (mynethersdelight)
		NeoForge 21.1.229 (neoforge)
		Nether Depths Upgrade 3.1.8 (netherdepthsupgrade)
		Nitrogen 1.1.25 (nitrogen_internals)
		NukaTeam's Gun Lib 3.1.4 (ntgl)
		oωo 0.12.15.5-beta.1+1.21 (owo)
		Paraglider 21.1.5 (paraglider)
		PlayerRevive 2.1.2 (playerrevive)
		Ponder 1.0.82+mc1.21.1 (ponder)
		PrickleMC 21.1.11 (prickle)
		Puzzles Lib 21.1.39 (puzzleslib)
		Ratatouille 1.3.9-2 (ratatouille)
		Sable 1.2.2 (sable)
		Sable Companion 1.6.0 (sablecompanion)
		SecurityCraft 1.10.1 (securitycraft)
		SkinRestorer 2.7.0+1.21-neoforge (skinrestorer)
		Sodium 0.6.13+mc1.21.1 (sodium)
		Sophisticated Backpacks 3.25.44 (sophisticatedbackpacks)
		Sophisticated Core 1.4.38 (sophisticatedcore)
		Starcatcher 2.3.9-NEOFORGE-1.21.1 (starcatcher)
		Starcatcher's Delight 1.0-NEOFORGE-1.21.1 (starcatcher_delight)
		SuperMartijn642's Config Library 1.1.8 (supermartijn642configlib)
		SuperMartijn642's Core Lib 1.1.21 (supermartijn642corelib)
		Supplementaries 1.21.1-3.6.4 (supplementaries)
		TerraBlender 4.1.0.8 (terrablender)
		The Aether 1.5.10 (aether)
		Tiny Multiblock Lib 3.0 (tinymultiblocklib)
		Too Many Bows 1.21.1-3.4.0 (too_many_bows)
		TrashSlot 21.1.10 (trashslot)
		Veil 4.0.0 (veil)
		Waystones 21.1.32 (waystones)
		wd's Selling Bin 1.4.1-NEOFORGE-1.21.1 (selling_bin)
		wd's Tooltips Library 1.6 (libtooltips)
		WebDisplays REMASTER 2.0.0 (webdisplays)
		When Dungeons Arise 2.1.68 (dungeons_arise)
		Xaero's Minimap 25.3.13 (xaerominimap)
		Xaero's World Map 1.40.16 (xaeroworldmap)
		XaeroLib 1.1.15 (xaerolib)
[26May2026 01:46:02.808] [main/INFO] [net.neoforged.fml.loading.FMLServiceProvider/CORE]: Loading coremod script-engine for [xaeroworldmap, xaerominimap]
[26May2026 01:46:05.073] [main/INFO] [mixin/]: Compatibility level set to JAVA_17
[26May2026 01:46:05.075] [main/INFO] [mixin/]: Compatibility level set to JAVA_21
[26May2026 01:46:05.397] [main/INFO] [cpw.mods.modlauncher.LaunchServiceHandler/MODLAUNCHER]: Launching target 'forgeserver' with arguments [nogui]
[26May2026 01:46:05.433] [main/WARN] [mixin/]: Reference map 'kuma_api.refmap.json' for kuma_api.mixins.json could not be read. If this is a development environment you can ignore this message
[26May2026 01:46:05.435] [main/WARN] [mixin/]: Reference map 'tinymultiblocklib.refmap.json' for tinymultiblocklib.mixins.json could not be read. If this is a development environment you can ignore this message
[26May2026 01:46:05.436] [main/WARN] [mixin/]: Reference map 'tinymultiblocklib.refmap.json' for tinymultiblocklib.neoforge.mixins.json could not be read. If this is a development environment you can ignore this message
[26May2026 01:46:05.441] [main/WARN] [mixin/]: Reference map 'aether.refmap.json' for aether.mixins.json could not be read. If this is a development environment you can ignore this message
[26May2026 01:46:05.442] [main/WARN] [mixin/]: Reference map 'minersdelight.refmap.json' for minersdelight.mixins.json could not be read. If this is a development environment you can ignore this message
[26May2026 01:46:05.445] [main/WARN] [mixin/]: Reference map 'emberstextapi.refmap.json' for emberstextapi.mixins.json could not be read. If this is a development environment you can ignore this message
[26May2026 01:46:05.450] [main/WARN] [mixin/]: Reference map 'xaeroworldmap.refmap.json' for xaeroworldmap.mixins.json could not be read. If this is a development environment you can ignore this message
[26May2026 01:46:05.455] [main/WARN] [mixin/]: Reference map 'iris.refmap.json' for mixins.iris.json could not be read. If this is a development environment you can ignore this message
[26May2026 01:46:05.455] [main/WARN] [mixin/]: Reference map 'iris.refmap.json' for mixins.iris.fantastic.json could not be read. If this is a development environment you can ignore this message
[26May2026 01:46:05.456] [main/WARN] [mixin/]: Reference map 'iris.refmap.json' for mixins.iris.vertexformat.json could not be read. If this is a development environment you can ignore this message
[26May2026 01:46:05.457] [main/WARN] [mixin/]: Reference map 'iris.refmap.json' for iris-batched-entity-rendering.mixins.json could not be read. If this is a development environment you can ignore this message
[26May2026 01:46:05.458] [main/WARN] [mixin/]: Reference map 'iris.refmap.json' for mixins.iris.compat.sodium.json could not be read. If this is a development environment you can ignore this message
[26May2026 01:46:05.460] [main/WARN] [mixin/]: Reference map 'createcasing.refmap.json' for createcasing.mixins.json could not be read. If this is a development environment you can ignore this message
[26May2026 01:46:05.461] [main/WARN] [mixin/]: Reference map 'bookshelf.refmap.json' for bookshelf.mixins.json could not be read. If this is a development environment you can ignore this message
[26May2026 01:46:05.494] [main/WARN] [mixin/]: Reference map 'veil.refmap.json' for veil.command.mixins.json could not be read. If this is a development environment you can ignore this message
[26May2026 01:46:05.495] [main/WARN] [mixin/]: Reference map 'veil.refmap.json' for veil.debug.mixins.json could not be read. If this is a development environment you can ignore this message
[26May2026 01:46:05.495] [main/WARN] [mixin/]: Reference map 'veil.refmap.json' for veil.dynamicbuffer.mixins.json could not be read. If this is a development environment you can ignore this message
[26May2026 01:46:05.496] [main/WARN] [mixin/]: Reference map 'veil.refmap.json' for veil.fix.mixins.json could not be read. If this is a development environment you can ignore this message
[26May2026 01:46:05.497] [main/WARN] [mixin/]: Reference map 'veil.refmap.json' for veil.framebuffer.mixins.json could not be read. If this is a development environment you can ignore this message
[26May2026 01:46:05.498] [main/WARN] [mixin/]: Reference map 'veil.refmap.json' for veil.necromancer.mixins.json could not be read. If this is a development environment you can ignore this message
[26May2026 01:46:05.498] [main/WARN] [mixin/]: Reference map 'veil.refmap.json' for veil.network.mixins.json could not be read. If this is a development environment you can ignore this message
[26May2026 01:46:05.499] [main/WARN] [mixin/]: Reference map 'veil.refmap.json' for veil.performance.mixins.json could not be read. If this is a development environment you can ignore this message
[26May2026 01:46:05.499] [main/WARN] [mixin/]: Reference map 'veil.refmap.json' for veil.perspective.mixins.json could not be read. If this is a development environment you can ignore this message
[26May2026 01:46:05.500] [main/WARN] [mixin/]: Reference map 'veil.refmap.json' for veil.pipeline.mixins.json could not be read. If this is a development environment you can ignore this message
[26May2026 01:46:05.501] [main/WARN] [mixin/]: Reference map 'veil.refmap.json' for veil.quasar.mixins.json could not be read. If this is a development environment you can ignore this message
[26May2026 01:46:05.501] [main/WARN] [mixin/]: Reference map 'veil.refmap.json' for veil.registry.mixins.json could not be read. If this is a development environment you can ignore this message
[26May2026 01:46:05.502] [main/WARN] [mixin/]: Reference map 'veil.refmap.json' for veil.rendertype.mixins.json could not be read. If this is a development environment you can ignore this message
[26May2026 01:46:05.503] [main/WARN] [mixin/]: Reference map 'veil.refmap.json' for veil.resource.mixins.json could not be read. If this is a development environment you can ignore this message
[26May2026 01:46:05.504] [main/WARN] [mixin/]: Reference map 'veil.refmap.json' for veil.scheduler.mixins.json could not be read. If this is a development environment you can ignore this message
[26May2026 01:46:05.505] [main/WARN] [mixin/]: Reference map 'veil.refmap.json' for veil.shader.mixins.json could not be read. If this is a development environment you can ignore this message
[26May2026 01:46:05.505] [main/WARN] [mixin/]: Reference map 'veil.refmap.json' for veil.neoforge.mixins.json could not be read. If this is a development environment you can ignore this message
[26May2026 01:46:05.506] [main/WARN] [mixin/]: Reference map 'simulated.refmap.json' for simulated.mixins.json could not be read. If this is a development environment you can ignore this message
[26May2026 01:46:05.507] [main/WARN] [mixin/]: Reference map 'createdieselgenerators.refmap.json' for createdieselgenerators.mixins.json could not be read. If this is a development environment you can ignore this message
[26May2026 01:46:05.509] [main/WARN] [mixin/]: Reference map 'balm.refmap.json' for balm.mixins.json could not be read. If this is a development environment you can ignore this message
[26May2026 01:46:05.511] [main/WARN] [mixin/]: Reference map 'prickle.refmap.json' for prickle.mixins.json could not be read. If this is a development environment you can ignore this message
[26May2026 01:46:05.514] [main/WARN] [mixin/]: Reference map 'createbetterfps.refmap.json' for createbetterfps.mixins.json could not be read. If this is a development environment you can ignore this message
[26May2026 01:46:05.521] [main/WARN] [mixin/]: Reference map 'supermartijn642corelib.mixins.refmap.json' for supermartijn642corelib.mixins.json could not be read. If this is a development environment you can ignore this message
[26May2026 01:46:05.524] [main/WARN] [mixin/]: Reference map 'lionfishapi.refmap.json' for lionfishapi.mixins.json could not be read. If this is a development environment you can ignore this message
[26May2026 01:46:05.525] [main/WARN] [mixin/]: Reference map 'cataclysm.refmap.json' for cataclysm.mixins.json could not be read. If this is a development environment you can ignore this message
[26May2026 01:46:05.527] [main/WARN] [mixin/]: Reference map 'curios.refmap.json' for curios.neoforge.mixins.json could not be read. If this is a development environment you can ignore this message
[26May2026 01:46:05.529] [main/WARN] [mixin/]: Reference map 'curios.refmap.json' for curios.mixins.json could not be read. If this is a development environment you can ignore this message
[26May2026 01:46:05.531] [main/WARN] [mixin/]: Reference map '${mod_id}.refmap.json' for trading_floor.mixins.json could not be read. If this is a development environment you can ignore this message
[26May2026 01:46:05.533] [main/WARN] [mixin/]: Reference map 'mixins.tombstone.refmap.json' for tombstone.mixins.json could not be read. If this is a development environment you can ignore this message
[26May2026 01:46:05.535] [main/WARN] [mixin/]: Reference map 'create_hypertube.refmap.json' for create_hypertube.mixins.json could not be read. If this is a development environment you can ignore this message
[26May2026 01:46:05.537] [main/WARN] [mixin/]: Reference map 'conflict_fix.refmap.json' for conflict_fix.mixins.json could not be read. If this is a development environment you can ignore this message
[26May2026 01:46:05.543] [main/WARN] [mixin/]: Reference map '' for accessories-common.mixins.json could not be read. If this is a development environment you can ignore this message
[26May2026 01:46:05.548] [main/WARN] [mixin/]: Reference map '' for accessories-forge.mixins.json could not be read. If this is a development environment you can ignore this message
[26May2026 01:46:05.549] [main/WARN] [mixin/]: Reference map 'cumulus_menus.refmap.json' for cumulus_menus.mixins.json could not be read. If this is a development environment you can ignore this message
[26May2026 01:46:05.551] [main/WARN] [mixin/]: Reference map 'cumulus_menus.refmap.json' for cumulus_menus.neoforge.mixins.json could not be read. If this is a development environment you can ignore this message
[26May2026 01:46:05.556] [main/WARN] [mixin/]: Reference map 'nitrogen_internals.refmap.json' for nitrogen_internals.mixins.json could not be read. If this is a development environment you can ignore this message
[26May2026 01:46:05.558] [main/WARN] [mixin/]: Reference map 'deep_aether.refmap.json' for deep_aether.mixins.json could not be read. If this is a development environment you can ignore this message
[26May2026 01:46:05.559] [main/WARN] [mixin/]: Reference map 'playerrevive.mixin.refmap.json' for playerrevive.mixins.json could not be read. If this is a development environment you can ignore this message
[26May2026 01:46:05.560] [main/WARN] [mixin/]: Reference map 'mowziesmobs.refmap.json' for mowziesmobs.mixins.json could not be read. If this is a development environment you can ignore this message
[26May2026 01:46:05.561] [main/WARN] [mixin/]: Reference map 'geckolib.refmap.json' for geckolib.mixins.json could not be read. If this is a development environment you can ignore this message
[26May2026 01:46:05.562] [main/WARN] [mixin/]: Reference map 'ntgl.mixin-refmap.json' for ntgl.mixin.json could not be read. If this is a development environment you can ignore this message
[26May2026 01:46:05.562] [main/WARN] [mixin/]: Reference map 'mcef.refmap.json' for mcef.mixins.json could not be read. If this is a development environment you can ignore this message
[26May2026 01:46:05.564] [main/WARN] [mixin/]: Reference map 'trashslot.refmap.json' for trashslot.mixins.json could not be read. If this is a development environment you can ignore this message
[26May2026 01:46:05.566] [main/WARN] [mixin/]: Reference map '${mod_id}.refmap.json' for bits_n_bobs.mixins.json could not be read. If this is a development environment you can ignore this message
[26May2026 01:46:05.663] [main/WARN] [mixin/]: Reference map 'xaerolib.refmap.json' for xaerolib.mixins.json could not be read. If this is a development environment you can ignore this message
[26May2026 01:46:05.678] [main/WARN] [mixin/]: Reference map 'aeronautics.refmap.json' for aeronautics.mixins.json could not be read. If this is a development environment you can ignore this message
[26May2026 01:46:05.679] [main/WARN] [mixin/]: Reference map 'goblintraders.refmap.json' for goblintraders.common.mixins.json could not be read. If this is a development environment you can ignore this message
[26May2026 01:46:05.680] [main/WARN] [mixin/]: Reference map 'waystones.refmap.json' for waystones.mixins.json could not be read. If this is a development environment you can ignore this message
[26May2026 01:46:05.686] [main/WARN] [mixin/]: Reference map 'knightlib.refmap.json' for knightlib.mixins.json could not be read. If this is a development environment you can ignore this message
[26May2026 01:46:05.688] [main/WARN] [mixin/]: Reference map 'glitchcore.refmap.json' for glitchcore.mixins.json could not be read. If this is a development environment you can ignore this message
[26May2026 01:46:05.688] [main/WARN] [mixin/]: Reference map 'glitchcore.refmap.json' for glitchcore.neoforge.mixins.json could not be read. If this is a development environment you can ignore this message
[26May2026 01:46:05.705] [main/INFO] [Sodium/]: Loaded configuration file for Sodium: 43 options available, 1 override(s) found
[26May2026 01:46:05.707] [main/WARN] [mixin/]: Reference map 'offroad.refmap.json' for offroad.mixins.json could not be read. If this is a development environment you can ignore this message
[26May2026 01:46:05.708] [main/WARN] [mixin/]: Reference map 'craftingtweaks.refmap.json' for craftingtweaks.mixins.json could not be read. If this is a development environment you can ignore this message
[26May2026 01:46:05.711] [main/WARN] [mixin/]: Reference map 'enchdesc.refmap.json' for enchdesc.mixins.json could not be read. If this is a development environment you can ignore this message
[26May2026 01:46:05.712] [main/WARN] [mixin/]: Reference map 'terrablender.refmap.json' for terrablender.mixins.json could not be read. If this is a development environment you can ignore this message
[26May2026 01:46:05.713] [main/WARN] [mixin/]: Reference map 'terrablender.refmap.json' for terrablender_neoforge.mixins.json could not be read. If this is a development environment you can ignore this message
[26May2026 01:46:05.714] [main/WARN] [mixin/]: Reference map 'biomesoplenty.refmap.json' for biomesoplenty.mixins.json could not be read. If this is a development environment you can ignore this message
[26May2026 01:46:05.715] [main/WARN] [mixin/]: Reference map 'biomesoplenty.refmap.json' for biomesoplenty.neoforge.mixins.json could not be read. If this is a development environment you can ignore this message
[26May2026 01:46:05.718] [main/WARN] [mixin/]: Reference map 'fdlib.refmap.json' for fdlib.mixins.json could not be read. If this is a development environment you can ignore this message
[26May2026 01:46:05.719] [main/WARN] [mixin/]: Reference map 'knightquest.refmap.json' for knightquest.mixins.json could not be read. If this is a development environment you can ignore this message
[26May2026 01:46:05.720] [main/WARN] [mixin/]: Reference map 'creativecore.mixins.refmap.json' for creativecore.mixins.json could not be read. If this is a development environment you can ignore this message
[26May2026 01:46:05.721] [main/WARN] [mixin/]: Reference map 'creativecore.mixins.refmap.json' for creativecore.forge.mixins.json could not be read. If this is a development environment you can ignore this message
[26May2026 01:46:05.723] [main/WARN] [mixin/]: Reference map 'aeroblender.refmap.json' for aeroblender.mixins.json could not be read. If this is a development environment you can ignore this message
[26May2026 01:46:05.739] [main/WARN] [mixin/]: Reference map 'ponder.refmap.json' for ponder-common.mixins.json could not be read. If this is a development environment you can ignore this message
[26May2026 01:46:05.743] [main/WARN] [mixin/]: Reference map 'cgs.mixin-refmap.json' for cgs.mixin.json could not be read. If this is a development environment you can ignore this message
[26May2026 01:46:05.779] [main/INFO] [dev.ryanhcode.sable.mixin.AbstractSableMixinPlugin/]: Using Sodium renderer mixins
[26May2026 01:46:05.780] [main/INFO] [dev.ryanhcode.sable.mixin.AbstractSableMixinPlugin/]: Using Sodium renderer mixins
[26May2026 01:46:05.782] [main/WARN] [mixin/]: Reference map 'xaerominimap.refmap.json' for xaerohud.mixins.json could not be read. If this is a development environment you can ignore this message
[26May2026 01:46:05.783] [main/WARN] [mixin/]: Reference map 'xaerominimap.refmap.json' for xaerominimap.mixins.json could not be read. If this is a development environment you can ignore this message
[26May2026 01:46:05.785] [main/WARN] [mixin/]: Reference map 'securitycraft.refmap.json' for securitycraft.mixins.json could not be read. If this is a development environment you can ignore this message
[26May2026 01:46:05.793] [main/WARN] [mixin/]: Reference map 'lodestone.refmap.json' for lodestone.mixins.json could not be read. If this is a development environment you can ignore this message
[26May2026 01:46:05.796] [main/WARN] [mixin/]: Reference map 'skinrestorer.refmap.json' for skinrestorer.mixins.json could not be read. If this is a development environment you can ignore this message
[26May2026 01:46:05.884] [main/WARN] [mixin/]: Error loading class: tschipp/carryon/common/config/ListHandler (java.lang.ClassNotFoundException: tschipp.carryon.common.config.ListHandler)
[26May2026 01:46:05.885] [main/WARN] [mixin/]: @Mixin target tschipp.carryon.common.config.ListHandler was not found tinymultiblocklib.mixins.json:carryon.ListHandlerMixin from mod tinymultiblocklib
[26May2026 01:46:05.888] [main/WARN] [mixin/]: Error loading class: tschipp/carryon/common/carry/PickupHandler (java.lang.ClassNotFoundException: tschipp.carryon.common.carry.PickupHandler)
[26May2026 01:46:05.888] [main/WARN] [mixin/]: @Mixin target tschipp.carryon.common.carry.PickupHandler was not found tinymultiblocklib.mixins.json:carryon.PickupHandlerMixin from mod tinymultiblocklib
[26May2026 01:46:07.786] [main/WARN] [mixin/]: Error loading class: net/minecraft/client/player/KeyboardInput (java.lang.ClassNotFoundException: net.minecraft.client.player.KeyboardInput)
[26May2026 01:46:07.786] [main/WARN] [mixin/]: @Mixin target net.minecraft.client.player.KeyboardInput was not found fdlib.mixins.json:KeyboardInputMixin from mod fdlib
[26May2026 01:46:07.976] [main/ERROR] [net.neoforged.fml.common.asm.RuntimeDistCleaner/DISTXFORM]: Attempted to load class net/minecraft/client/multiplayer/ClientLevel for invalid dist DEDICATED_SERVER
[26May2026 01:46:07.978] [main/WARN] [mixin/]: Error loading class: net/minecraft/client/multiplayer/ClientLevel (java.lang.RuntimeException: Attempted to load class net/minecraft/client/multiplayer/ClientLevel for invalid dist DEDICATED_SERVER)
[26May2026 01:46:08.028] [main/ERROR] [net.neoforged.fml.common.asm.RuntimeDistCleaner/DISTXFORM]: Attempted to load class net/minecraft/client/multiplayer/ClientLevel for invalid dist DEDICATED_SERVER
[26May2026 01:46:08.030] [main/WARN] [mixin/]: Error loading class: net/minecraft/client/multiplayer/ClientLevel (java.lang.RuntimeException: Attempted to load class net/minecraft/client/multiplayer/ClientLevel for invalid dist DEDICATED_SERVER)
[26May2026 01:46:08.057] [main/ERROR] [net.neoforged.fml.common.asm.RuntimeDistCleaner/DISTXFORM]: Attempted to load class net/minecraft/client/multiplayer/ClientLevel for invalid dist DEDICATED_SERVER
[26May2026 01:46:08.059] [main/WARN] [mixin/]: Error loading class: net/minecraft/client/multiplayer/ClientLevel (java.lang.RuntimeException: Attempted to load class net/minecraft/client/multiplayer/ClientLevel for invalid dist DEDICATED_SERVER)
[26May2026 01:46:08.250] [main/ERROR] [net.neoforged.fml.common.asm.RuntimeDistCleaner/DISTXFORM]: Attempted to load class net/minecraft/client/player/AbstractClientPlayer for invalid dist DEDICATED_SERVER
[26May2026 01:46:08.253] [main/WARN] [mixin/]: Error loading class: net/minecraft/client/player/AbstractClientPlayer (java.lang.RuntimeException: Attempted to load class net/minecraft/client/player/AbstractClientPlayer for invalid dist DEDICATED_SERVER)
[26May2026 01:46:08.254] [main/WARN] [mixin/]: @Mixin target net.minecraft.client.player.AbstractClientPlayer was not found mixins.create_sa.json:AbstractClientPlayerMixin from mod create_sa
[26May2026 01:46:08.716] [main/WARN] [mixin/]: Error loading class: org/jetbrains/annotations/ApiStatus$ScheduledForRemoval (java.lang.ClassNotFoundException: org.jetbrains.annotations.ApiStatus$ScheduledForRemoval)
[26May2026 01:46:08.751] [main/ERROR] [net.neoforged.fml.common.asm.RuntimeDistCleaner/DISTXFORM]: Attempted to load class net/minecraft/client/multiplayer/ClientLevel for invalid dist DEDICATED_SERVER
[26May2026 01:46:08.752] [main/WARN] [mixin/]: Error loading class: net/minecraft/client/multiplayer/ClientLevel (java.lang.RuntimeException: Attempted to load class net/minecraft/client/multiplayer/ClientLevel for invalid dist DEDICATED_SERVER)
[26May2026 01:46:08.755] [main/ERROR] [net.neoforged.fml.common.asm.RuntimeDistCleaner/DISTXFORM]: Attempted to load class net/minecraft/client/multiplayer/ClientLevel for invalid dist DEDICATED_SERVER
[26May2026 01:46:08.755] [main/WARN] [mixin/]: Error loading class: net/minecraft/client/multiplayer/ClientLevel (java.lang.RuntimeException: Attempted to load class net/minecraft/client/multiplayer/ClientLevel for invalid dist DEDICATED_SERVER)
[26May2026 01:46:08.772] [main/ERROR] [net.neoforged.fml.common.asm.RuntimeDistCleaner/DISTXFORM]: Attempted to load class net/minecraft/client/multiplayer/ClientLevel for invalid dist DEDICATED_SERVER
[26May2026 01:46:08.774] [main/WARN] [mixin/]: Error loading class: net/minecraft/client/multiplayer/ClientLevel (java.lang.RuntimeException: Attempted to load class net/minecraft/client/multiplayer/ClientLevel for invalid dist DEDICATED_SERVER)
[26May2026 01:46:08.776] [main/ERROR] [net.neoforged.fml.common.asm.RuntimeDistCleaner/DISTXFORM]: Attempted to load class net/minecraft/client/multiplayer/ClientLevel for invalid dist DEDICATED_SERVER
[26May2026 01:46:08.777] [main/WARN] [mixin/]: Error loading class: net/minecraft/client/multiplayer/ClientLevel (java.lang.RuntimeException: Attempted to load class net/minecraft/client/multiplayer/ClientLevel for invalid dist DEDICATED_SERVER)
[26May2026 01:46:08.789] [main/ERROR] [net.neoforged.fml.common.asm.RuntimeDistCleaner/DISTXFORM]: Attempted to load class net/minecraft/client/multiplayer/ClientLevel for invalid dist DEDICATED_SERVER
[26May2026 01:46:08.790] [main/WARN] [mixin/]: Error loading class: net/minecraft/client/multiplayer/ClientLevel (java.lang.RuntimeException: Attempted to load class net/minecraft/client/multiplayer/ClientLevel for invalid dist DEDICATED_SERVER)
[26May2026 01:46:08.792] [main/ERROR] [net.neoforged.fml.common.asm.RuntimeDistCleaner/DISTXFORM]: Attempted to load class net/minecraft/client/multiplayer/ClientLevel for invalid dist DEDICATED_SERVER
[26May2026 01:46:08.794] [main/WARN] [mixin/]: Error loading class: net/minecraft/client/multiplayer/ClientLevel (java.lang.RuntimeException: Attempted to load class net/minecraft/client/multiplayer/ClientLevel for invalid dist DEDICATED_SERVER)
[26May2026 01:46:09.112] [main/INFO] [MixinExtras|Service/]: Initializing MixinExtras via com.llamalad7.mixinextras.service.MixinExtrasServiceImpl(version=0.5.3).
[26May2026 01:46:10.027] [main/WARN] [net.minecraft.SystemReport/]: Failed retrieving info for group hardware
java.lang.NoClassDefFoundError: com/sun/jna/Platform
	at MC-BOOTSTRAP/com.github.oshi@6.4.10/oshi.SystemInfo.<clinit>(SystemInfo.java:40) ~[oshi-core-6.4.10.jar%2395!/:6.4.10]
	at TRANSFORMER/minecraft@1.21.1/net.minecraft.SystemReport.lambda$new$2(SystemReport.java:56) ~[server-1.21.1-20240808.144430-srg.jar%23233!/:?]
	at TRANSFORMER/minecraft@1.21.1/net.minecraft.SystemReport.ignoreErrors(SystemReport.java:87) ~[server-1.21.1-20240808.144430-srg.jar%23233!/:?]
	at TRANSFORMER/minecraft@1.21.1/net.minecraft.SystemReport.<init>(SystemReport.java:56) ~[server-1.21.1-20240808.144430-srg.jar%23233!/:?]
	at TRANSFORMER/minecraft@1.21.1/net.minecraft.CrashReport.<init>(CrashReport.java:32) ~[server-1.21.1-20240808.144430-srg.jar%23233!/:?]
	at TRANSFORMER/minecraft@1.21.1/net.minecraft.CrashReport.preload(CrashReport.java:206) ~[server-1.21.1-20240808.144430-srg.jar%23233!/:?]
	at TRANSFORMER/minecraft@1.21.1/net.minecraft.server.Main.main(Main.java:115) ~[server-1.21.1-20240808.144430-srg.jar%23233!/:?]
	at java.base/jdk.internal.reflect.DirectMethodHandleAccessor.invoke(DirectMethodHandleAccessor.java:103) ~[?:?]
	at java.base/java.lang.reflect.Method.invoke(Method.java:580) ~[?:?]
	at MC-BOOTSTRAP/fml_loader@4.0.42/net.neoforged.fml.loading.targets.CommonLaunchHandler.runTarget(CommonLaunchHandler.java:136) ~[loader-4.0.42.jar%2357!/:4.0]
	at MC-BOOTSTRAP/fml_loader@4.0.42/net.neoforged.fml.loading.targets.CommonLaunchHandler.serverService(CommonLaunchHandler.java:128) ~[loader-4.0.42.jar%2357!/:4.0]
	at MC-BOOTSTRAP/fml_loader@4.0.42/net.neoforged.fml.loading.targets.CommonServerLaunchHandler.runService(CommonServerLaunchHandler.java:32) ~[loader-4.0.42.jar%2357!/:4.0]
	at MC-BOOTSTRAP/fml_loader@4.0.42/net.neoforged.fml.loading.targets.CommonLaunchHandler.lambda$launchService$4(CommonLaunchHandler.java:118) ~[loader-4.0.42.jar%2357!/:4.0]
	at MC-BOOTSTRAP/cpw.mods.modlauncher@11.0.5/cpw.mods.modlauncher.LaunchServiceHandlerDecorator.launch(LaunchServiceHandlerDecorator.java:30) [modlauncher-11.0.5.jar%2362!/:?]
	at MC-BOOTSTRAP/cpw.mods.modlauncher@11.0.5/cpw.mods.modlauncher.LaunchServiceHandler.launch(LaunchServiceHandler.java:53) [modlauncher-11.0.5.jar%2362!/:?]
	at MC-BOOTSTRAP/cpw.mods.modlauncher@11.0.5/cpw.mods.modlauncher.LaunchServiceHandler.launch(LaunchServiceHandler.java:71) [modlauncher-11.0.5.jar%2362!/:?]
	at MC-BOOTSTRAP/cpw.mods.modlauncher@11.0.5/cpw.mods.modlauncher.Launcher.run(Launcher.java:103) [modlauncher-11.0.5.jar%2362!/:?]
	at MC-BOOTSTRAP/cpw.mods.modlauncher@11.0.5/cpw.mods.modlauncher.Launcher.main(Launcher.java:74) [modlauncher-11.0.5.jar%2362!/:?]
	at MC-BOOTSTRAP/cpw.mods.modlauncher@11.0.5/cpw.mods.modlauncher.BootstrapLaunchConsumer.accept(BootstrapLaunchConsumer.java:26) [modlauncher-11.0.5.jar%2362!/:?]
	at MC-BOOTSTRAP/cpw.mods.modlauncher@11.0.5/cpw.mods.modlauncher.BootstrapLaunchConsumer.accept(BootstrapLaunchConsumer.java:23) [modlauncher-11.0.5.jar%2362!/:?]
	at cpw.mods.bootstraplauncher@2.0.2/cpw.mods.bootstraplauncher.BootstrapLauncher.run(BootstrapLauncher.java:210) [bootstraplauncher-2.0.2.jar:?]
	at cpw.mods.bootstraplauncher@2.0.2/cpw.mods.bootstraplauncher.BootstrapLauncher.main(BootstrapLauncher.java:69) [bootstraplauncher-2.0.2.jar:?]
	at java.base/jdk.internal.reflect.DirectMethodHandleAccessor.invoke(DirectMethodHandleAccessor.java:103) ~[?:?]
	at java.base/java.lang.reflect.Method.invoke(Method.java:580) ~[?:?]
	at net.neoforged.serverstarterjar.Main.mainLaunch(Main.java:297) [neoforge.jar:0.1.34]
	at net.neoforged.serverstarterjar.Main.main(Main.java:76) [neoforge.jar:0.1.34]
	at java.base/jdk.internal.reflect.DirectMethodHandleAccessor.invoke(DirectMethodHandleAccessor.java:103) ~[?:?]
	at java.base/java.lang.reflect.Method.invoke(Method.java:580) ~[?:?]
	at net.neoforged.serverstarterjar.Main8.main(Main8.java:19) [neoforge.jar:0.1.34]
Caused by: java.lang.ClassNotFoundException: com.sun.jna.Platform
	at java.base/jdk.internal.loader.BuiltinClassLoader.loadClass(BuiltinClassLoader.java:641) ~[?:?]
	at java.base/java.lang.ClassLoader.loadClass(ClassLoader.java:526) ~[?:?]
	at cpw.mods.securejarhandler/cpw.mods.cl.ModuleClassLoader.loadClass(ModuleClassLoader.java:216) ~[securejarhandler-3.0.8.jar:?]
	at java.base/java.lang.ClassLoader.loadClass(ClassLoader.java:526) ~[?:?]
	... 29 more
[26May2026 01:46:12.388] [main/ERROR] [net.neoforged.fml.common.asm.RuntimeDistCleaner/DISTXFORM]: Attempted to load class net/minecraft/client/multiplayer/ClientLevel for invalid dist DEDICATED_SERVER
[26May2026 01:46:12.389] [main/WARN] [mixin/]: Error loading class: net/minecraft/client/multiplayer/ClientLevel (java.lang.RuntimeException: Attempted to load class net/minecraft/client/multiplayer/ClientLevel for invalid dist DEDICATED_SERVER)
[26May2026 01:46:12.415] [main/ERROR] [net.neoforged.fml.common.asm.RuntimeDistCleaner/DISTXFORM]: Attempted to load class net/minecraft/client/multiplayer/ClientLevel for invalid dist DEDICATED_SERVER
[26May2026 01:46:12.415] [main/WARN] [mixin/]: Error loading class: net/minecraft/client/multiplayer/ClientLevel (java.lang.RuntimeException: Attempted to load class net/minecraft/client/multiplayer/ClientLevel for invalid dist DEDICATED_SERVER)
[26May2026 01:46:12.441] [main/ERROR] [net.neoforged.fml.common.asm.RuntimeDistCleaner/DISTXFORM]: Attempted to load class net/minecraft/client/multiplayer/ClientLevel for invalid dist DEDICATED_SERVER
[26May2026 01:46:12.441] [main/WARN] [mixin/]: Error loading class: net/minecraft/client/multiplayer/ClientLevel (java.lang.RuntimeException: Attempted to load class net/minecraft/client/multiplayer/ClientLevel for invalid dist DEDICATED_SERVER)
[26May2026 01:46:19.298] [modloading-worker-0/INFO] [net.tysontheember.emberstextapi.EmbersTextAPI/]: EmbersTextAPI NeoForge 1.21.1 initializing...
[26May2026 01:46:19.388] [modloading-worker-0/INFO] [xaero.map.WorldMap/]: Registering common data for channel xaeroworldmap:main!
[26May2026 01:46:19.408] [modloading-worker-0/INFO] [net.neoforged.neoforge.common.NeoForgeMod/NEOFORGE-MOD]: NeoForge mod loading, version 21.1.229, for MC 1.21.1
[26May2026 01:46:19.412] [modloading-worker-0/INFO] [xaero.map.WorldMap/]: Loading primary common config for channel xaeroworldmap:main!
[26May2026 01:46:19.418] [modloading-worker-0/INFO] [xaero.map.WorldMap/]: Loading server config profiles for channel xaeroworldmap:main!
[26May2026 01:46:19.547] [modloading-worker-0/INFO] [Veil/]: Veil is initializing.
[26May2026 01:46:20.056] [modloading-worker-0/INFO] [org.antarcticgardens.cna.CreateNewAge/]: Hello 1.21.1 Create!
[26May2026 01:46:20.927] [modloading-worker-0/INFO] [Moonlight/]: Sending changed configs to client
[26May2026 01:46:21.234] [modloading-worker-0/WARN] [mixin/]: Discarding @Unique public method useItemOn in copycats-common.mixins.json:copycat.step.CopycatStepBlockMixin from mod copycats because it already exists in com.simibubi.create.content.decoration.copycat.CopycatStepBlock
[26May2026 01:46:21.259] [modloading-worker-0/WARN] [mixin/]: Discarding @Unique public method onLoad in copycats-common.mixins.json:foundation.copycat.CopycatBlockEntityMixin from mod copycats because it already exists in com.simibubi.create.content.decoration.copycat.CopycatBlockEntity
[26May2026 01:46:21.274] [modloading-worker-0/WARN] [mixin/]: Discarding @Unique public method useItemOn in copycats-common.mixins.json:copycat.panel.CopycatPanelBlockMixin from mod copycats because it already exists in com.simibubi.create.content.decoration.copycat.CopycatPanelBlock
[26May2026 01:46:21.275] [modloading-worker-0/WARN] [mixin/]: Discarding @Unique public method mirror in copycats-common.mixins.json:copycat.panel.CopycatPanelBlockMixin from mod copycats because it already exists in com.simibubi.create.content.decoration.copycat.CopycatPanelBlock
[26May2026 01:46:21.275] [modloading-worker-0/WARN] [mixin/]: Discarding @Unique public method rotate in copycats-common.mixins.json:copycat.panel.CopycatPanelBlockMixin from mod copycats because it already exists in com.simibubi.create.content.decoration.copycat.CopycatPanelBlock
[26May2026 01:46:21.576] [modloading-worker-0/INFO] [fr.samlegamer.mcwbiomesoplenty.McwBOP/]: Macaw's Biomes O' Plenty Loading...
[26May2026 01:46:21.656] [modloading-worker-0/INFO] [fr.samlegamer.mcwbiomesoplenty.McwBOP/]: Start convert blocks
[26May2026 01:46:21.667] [modloading-worker-0/INFO] [fr.samlegamer.mcwbiomesoplenty.McwBOP/]: Finish convert blocks
[26May2026 01:46:21.668] [modloading-worker-0/INFO] [fr.samlegamer.mcwbiomesoplenty.McwBOP/]: Start convert items
[26May2026 01:46:21.673] [modloading-worker-0/INFO] [fr.samlegamer.mcwbiomesoplenty.McwBOP/]: Finish convert items
[26May2026 01:46:21.678] [modloading-worker-0/INFO] [fr.samlegamer.mcwbiomesoplenty.McwBOP/]: Macaw's Biomes O' Plenty Is Charged !
[26May2026 01:46:21.685] [modloading-worker-0/INFO] [addonslib/]: AddonsLib Neoforge !
[26May2026 01:46:21.706] [modloading-worker-0/INFO] [Create: Trading Floor/]: Registering all Create: Trading Floor entries
[26May2026 01:46:21.709] [modloading-worker-0/INFO] [Create: Trading Floor/]: Registering Particle Emitters for: Create: Trading Floor
[26May2026 01:46:21.710] [modloading-worker-0/INFO] [Create: Trading Floor/]: Registering Particle Emitters for: Create: Trading Floor
[26May2026 01:46:21.713] [modloading-worker-0/INFO] [Create: Trading Floor/]: Finished Initialisation For Mod: trading_floor
[26May2026 01:46:22.117] [modloading-worker-0/INFO] [org.patryk3211.powergrid.PowerGrid/]: Power grid starting, prepare to be electrocuted
[26May2026 01:46:22.139] [modloading-worker-0/INFO] [org.patryk3211.powergrid.PowerGrid/]: Native backend loaded successfully
[26May2026 01:46:22.145] [modloading-worker-0/INFO] [net.nuclearteam.createnuclear.CreateNuclear/]: createnuclear 6.0.10 initializing! Commit hash: ac0c444d9828da3453ae8cc65338e8de063286fb
[26May2026 01:46:22.150] [modloading-worker-0/INFO] [net.nuclearteam.createnuclear.CreateNuclear/]: Registering mod tags for createnuclear
[26May2026 01:46:22.199] [modloading-worker-0/INFO] [net.nuclearteam.createnuclear.CreateNuclear/]: Registering ModBlocks for createnuclear
[26May2026 01:46:22.337] [modloading-worker-0/INFO] [owo/]: Don't trust naschhorn, the Master of Taglocks, around you or your bed
[26May2026 01:46:22.380] [modloading-worker-0/INFO] [net.blay09.mods.balm.neoforge.config.NeoForgeBalmConfig/]: Registering config for trashslot:common (COMMON) with 5 properties.
[26May2026 01:46:22.387] [modloading-worker-0/INFO] [Puzzles Lib/]: Constructing common components for mutantmonsters:main
[26May2026 01:46:22.523] [modloading-worker-0/WARN] [mixin/]: Discarding @Unique public method rotate in copycats-neoforge.mixins.json:foundation.copycat.CopycatBlockMixin from mod copycats because it already exists in com.copycatsplus.copycats.content.copycat.door.CopycatDoorBlock
[26May2026 01:46:22.524] [modloading-worker-0/WARN] [mixin/]: Discarding @Unique public method mirror in copycats-neoforge.mixins.json:foundation.copycat.CopycatBlockMixin from mod copycats because it already exists in com.copycatsplus.copycats.content.copycat.door.CopycatDoorBlock
[26May2026 01:46:22.524] [modloading-worker-0/WARN] [mixin/]: Discarding @Unique public method useItemOn in copycats-neoforge.mixins.json:foundation.copycat.CopycatBlockMixin from mod copycats because it already exists in com.copycatsplus.copycats.content.copycat.door.CopycatDoorBlock
[26May2026 01:46:22.524] [modloading-worker-0/WARN] [mixin/]: Discarding @Unique public method useWithoutItem in copycats-neoforge.mixins.json:foundation.copycat.CopycatBlockMixin from mod copycats because it already exists in com.copycatsplus.copycats.content.copycat.door.CopycatDoorBlock
[26May2026 01:46:22.529] [modloading-worker-0/WARN] [mixin/]: Discarding @Unique public method rotate in copycats-neoforge.mixins.json:foundation.copycat.CopycatBlockMixin from mod copycats because it already exists in com.copycatsplus.copycats.content.copycat.fluid_pipe.CopycatGlassFluidPipeBlock
[26May2026 01:46:22.529] [modloading-worker-0/WARN] [mixin/]: Discarding @Unique public method mirror in copycats-neoforge.mixins.json:foundation.copycat.CopycatBlockMixin from mod copycats because it already exists in com.copycatsplus.copycats.content.copycat.fluid_pipe.CopycatGlassFluidPipeBlock
[26May2026 01:46:22.530] [modloading-worker-0/WARN] [mixin/]: Discarding @Unique public method useItemOn in copycats-neoforge.mixins.json:foundation.copycat.CopycatBlockMixin from mod copycats because it already exists in com.copycatsplus.copycats.content.copycat.fluid_pipe.CopycatGlassFluidPipeBlock
[26May2026 01:46:22.530] [modloading-worker-0/WARN] [mixin/]: Discarding @Unique public method useWithoutItem in copycats-neoforge.mixins.json:foundation.copycat.CopycatBlockMixin from mod copycats because it already exists in com.copycatsplus.copycats.content.copycat.fluid_pipe.CopycatGlassFluidPipeBlock
[26May2026 01:46:22.540] [modloading-worker-0/WARN] [mixin/]: Discarding @Unique public method rotate in copycats-neoforge.mixins.json:foundation.copycat.multistate.MultiStateCopycatBlockMixin from mod copycats because it already exists in com.copycatsplus.copycats.foundation.copycat.multistate.MultiStateCopycatBlock
[26May2026 01:46:22.540] [modloading-worker-0/WARN] [mixin/]: Discarding @Unique public method mirror in copycats-neoforge.mixins.json:foundation.copycat.multistate.MultiStateCopycatBlockMixin from mod copycats because it already exists in com.copycatsplus.copycats.foundation.copycat.multistate.MultiStateCopycatBlock
[26May2026 01:46:22.541] [modloading-worker-0/WARN] [mixin/]: Discarding @Unique public method useItemOn in copycats-neoforge.mixins.json:foundation.copycat.multistate.MultiStateCopycatBlockMixin from mod copycats because it already exists in com.copycatsplus.copycats.foundation.copycat.multistate.MultiStateCopycatBlock
[26May2026 01:46:22.541] [modloading-worker-0/WARN] [mixin/]: Discarding @Unique public method useWithoutItem in copycats-neoforge.mixins.json:foundation.copycat.multistate.MultiStateCopycatBlockMixin from mod copycats because it already exists in com.copycatsplus.copycats.foundation.copycat.multistate.MultiStateCopycatBlock
[26May2026 01:46:22.559] [modloading-worker-0/WARN] [mixin/]: Discarding @Unique public method rotate in copycats-neoforge.mixins.json:foundation.copycat.CopycatBlockMixin from mod copycats because it already exists in com.copycatsplus.copycats.content.copycat.sliding_door.CopycatSlidingDoorBlock
[26May2026 01:46:22.559] [modloading-worker-0/WARN] [mixin/]: Discarding @Unique public method mirror in copycats-neoforge.mixins.json:foundation.copycat.CopycatBlockMixin from mod copycats because it already exists in com.copycatsplus.copycats.content.copycat.sliding_door.CopycatSlidingDoorBlock
[26May2026 01:46:22.559] [modloading-worker-0/WARN] [mixin/]: Discarding @Unique public method useItemOn in copycats-neoforge.mixins.json:foundation.copycat.CopycatBlockMixin from mod copycats because it already exists in com.copycatsplus.copycats.content.copycat.sliding_door.CopycatSlidingDoorBlock
[26May2026 01:46:22.560] [modloading-worker-0/WARN] [mixin/]: Discarding @Unique public method useWithoutItem in copycats-neoforge.mixins.json:foundation.copycat.CopycatBlockMixin from mod copycats because it already exists in com.copycatsplus.copycats.content.copycat.sliding_door.CopycatSlidingDoorBlock
[26May2026 01:46:22.568] [modloading-worker-0/WARN] [mixin/]: Discarding @Unique public method rotate in copycats-neoforge.mixins.json:foundation.copycat.CopycatBlockMixin from mod copycats because it already exists in com.copycatsplus.copycats.foundation.copycat.CCCopycatBlock
[26May2026 01:46:22.568] [modloading-worker-0/WARN] [mixin/]: Discarding @Unique public method mirror in copycats-neoforge.mixins.json:foundation.copycat.CopycatBlockMixin from mod copycats because it already exists in com.copycatsplus.copycats.foundation.copycat.CCCopycatBlock
[26May2026 01:46:22.568] [modloading-worker-0/WARN] [mixin/]: Discarding @Unique public method useItemOn in copycats-neoforge.mixins.json:foundation.copycat.CopycatBlockMixin from mod copycats because it already exists in com.copycatsplus.copycats.foundation.copycat.CCCopycatBlock
[26May2026 01:46:22.568] [modloading-worker-0/WARN] [mixin/]: Discarding @Unique public method useWithoutItem in copycats-neoforge.mixins.json:foundation.copycat.CopycatBlockMixin from mod copycats because it already exists in com.copycatsplus.copycats.foundation.copycat.CCCopycatBlock
[26May2026 01:46:22.596] [modloading-worker-0/WARN] [mixin/]: Discarding @Unique public method rotate in copycats-neoforge.mixins.json:foundation.copycat.CopycatBlockMixin from mod copycats because it already exists in com.copycatsplus.copycats.content.copycat.button.CopycatButtonBlock
[26May2026 01:46:22.597] [modloading-worker-0/WARN] [mixin/]: Discarding @Unique public method mirror in copycats-neoforge.mixins.json:foundation.copycat.CopycatBlockMixin from mod copycats because it already exists in com.copycatsplus.copycats.content.copycat.button.CopycatButtonBlock
[26May2026 01:46:22.597] [modloading-worker-0/WARN] [mixin/]: Discarding @Unique public method useItemOn in copycats-neoforge.mixins.json:foundation.copycat.CopycatBlockMixin from mod copycats because it already exists in com.copycatsplus.copycats.content.copycat.button.CopycatButtonBlock
[26May2026 01:46:22.597] [modloading-worker-0/WARN] [mixin/]: Discarding @Unique public method useWithoutItem in copycats-neoforge.mixins.json:foundation.copycat.CopycatBlockMixin from mod copycats because it already exists in com.copycatsplus.copycats.content.copycat.button.CopycatButtonBlock
[26May2026 01:46:22.609] [modloading-worker-0/WARN] [mixin/]: Discarding @Unique public method rotate in copycats-neoforge.mixins.json:foundation.copycat.CopycatBlockMixin from mod copycats because it already exists in com.copycatsplus.copycats.content.copycat.fence.CopycatFenceBlock
[26May2026 01:46:22.609] [modloading-worker-0/WARN] [mixin/]: Discarding @Unique public method mirror in copycats-neoforge.mixins.json:foundation.copycat.CopycatBlockMixin from mod copycats because it already exists in com.copycatsplus.copycats.content.copycat.fence.CopycatFenceBlock
[26May2026 01:46:22.610] [modloading-worker-0/WARN] [mixin/]: Discarding @Unique public method useItemOn in copycats-neoforge.mixins.json:foundation.copycat.CopycatBlockMixin from mod copycats because it already exists in com.copycatsplus.copycats.content.copycat.fence.CopycatFenceBlock
[26May2026 01:46:22.610] [modloading-worker-0/WARN] [mixin/]: Discarding @Unique public method useWithoutItem in copycats-neoforge.mixins.json:foundation.copycat.CopycatBlockMixin from mod copycats because it already exists in com.copycatsplus.copycats.content.copycat.fence.CopycatFenceBlock
[26May2026 01:46:22.616] [modloading-worker-0/WARN] [mixin/]: Discarding @Unique public method rotate in copycats-neoforge.mixins.json:foundation.copycat.CopycatBlockMixin from mod copycats because it already exists in com.copycatsplus.copycats.content.copycat.fence_gate.CopycatFenceGateBlock
[26May2026 01:46:22.616] [modloading-worker-0/WARN] [mixin/]: Discarding @Unique public method mirror in copycats-neoforge.mixins.json:foundation.copycat.CopycatBlockMixin from mod copycats because it already exists in com.copycatsplus.copycats.content.copycat.fence_gate.CopycatFenceGateBlock
[26May2026 01:46:22.616] [modloading-worker-0/WARN] [mixin/]: Discarding @Unique public method useItemOn in copycats-neoforge.mixins.json:foundation.copycat.CopycatBlockMixin from mod copycats because it already exists in com.copycatsplus.copycats.content.copycat.fence_gate.CopycatFenceGateBlock
[26May2026 01:46:22.616] [modloading-worker-0/WARN] [mixin/]: Discarding @Unique public method useWithoutItem in copycats-neoforge.mixins.json:foundation.copycat.CopycatBlockMixin from mod copycats because it already exists in com.copycatsplus.copycats.content.copycat.fence_gate.CopycatFenceGateBlock
[26May2026 01:46:22.639] [modloading-worker-0/WARN] [mixin/]: Discarding @Unique public method rotate in copycats-neoforge.mixins.json:foundation.copycat.CopycatBlockMixin from mod copycats because it already exists in com.copycatsplus.copycats.content.copycat.ladder.CopycatLadderBlock
[26May2026 01:46:22.639] [modloading-worker-0/WARN] [mixin/]: Discarding @Unique public method mirror in copycats-neoforge.mixins.json:foundation.copycat.CopycatBlockMixin from mod copycats because it already exists in com.copycatsplus.copycats.content.copycat.ladder.CopycatLadderBlock
[26May2026 01:46:22.639] [modloading-worker-0/WARN] [mixin/]: Discarding @Unique public method useItemOn in copycats-neoforge.mixins.json:foundation.copycat.CopycatBlockMixin from mod copycats because it already exists in com.copycatsplus.copycats.content.copycat.ladder.CopycatLadderBlock
[26May2026 01:46:22.639] [modloading-worker-0/WARN] [mixin/]: Discarding @Unique public method useWithoutItem in copycats-neoforge.mixins.json:foundation.copycat.CopycatBlockMixin from mod copycats because it already exists in com.copycatsplus.copycats.content.copycat.ladder.CopycatLadderBlock
[26May2026 01:46:22.652] [modloading-worker-0/WARN] [mixin/]: Discarding @Unique public method rotate in copycats-neoforge.mixins.json:foundation.copycat.CopycatBlockMixin from mod copycats because it already exists in com.copycatsplus.copycats.content.copycat.pressure_plate.CopycatPressurePlateBlock
[26May2026 01:46:22.652] [modloading-worker-0/WARN] [mixin/]: Discarding @Unique public method mirror in copycats-neoforge.mixins.json:foundation.copycat.CopycatBlockMixin from mod copycats because it already exists in com.copycatsplus.copycats.content.copycat.pressure_plate.CopycatPressurePlateBlock
[26May2026 01:46:22.653] [modloading-worker-0/WARN] [mixin/]: Discarding @Unique public method useItemOn in copycats-neoforge.mixins.json:foundation.copycat.CopycatBlockMixin from mod copycats because it already exists in com.copycatsplus.copycats.content.copycat.pressure_plate.CopycatPressurePlateBlock
[26May2026 01:46:22.653] [modloading-worker-0/WARN] [mixin/]: Discarding @Unique public method useWithoutItem in copycats-neoforge.mixins.json:foundation.copycat.CopycatBlockMixin from mod copycats because it already exists in com.copycatsplus.copycats.content.copycat.pressure_plate.CopycatPressurePlateBlock
[26May2026 01:46:22.662] [modloading-worker-0/WARN] [mixin/]: Discarding @Unique public method rotate in copycats-neoforge.mixins.json:foundation.copycat.CopycatBlockMixin from mod copycats because it already exists in com.copycatsplus.copycats.content.copycat.pressure_plate.CopycatWeightedPressurePlate
[26May2026 01:46:22.662] [modloading-worker-0/WARN] [mixin/]: Discarding @Unique public method mirror in copycats-neoforge.mixins.json:foundation.copycat.CopycatBlockMixin from mod copycats because it already exists in com.copycatsplus.copycats.content.copycat.pressure_plate.CopycatWeightedPressurePlate
[26May2026 01:46:22.662] [modloading-worker-0/WARN] [mixin/]: Discarding @Unique public method useItemOn in copycats-neoforge.mixins.json:foundation.copycat.CopycatBlockMixin from mod copycats because it already exists in com.copycatsplus.copycats.content.copycat.pressure_plate.CopycatWeightedPressurePlate
[26May2026 01:46:22.662] [modloading-worker-0/WARN] [mixin/]: Discarding @Unique public method useWithoutItem in copycats-neoforge.mixins.json:foundation.copycat.CopycatBlockMixin from mod copycats because it already exists in com.copycatsplus.copycats.content.copycat.pressure_plate.CopycatWeightedPressurePlate
[26May2026 01:46:22.677] [modloading-worker-0/WARN] [mixin/]: Discarding @Unique public method rotate in copycats-neoforge.mixins.json:foundation.copycat.CopycatBlockMixin from mod copycats because it already exists in com.copycatsplus.copycats.content.copycat.stairs.CopycatStairsBlock
[26May2026 01:46:22.677] [modloading-worker-0/WARN] [mixin/]: Discarding @Unique public method mirror in copycats-neoforge.mixins.json:foundation.copycat.CopycatBlockMixin from mod copycats because it already exists in com.copycatsplus.copycats.content.copycat.stairs.CopycatStairsBlock
[26May2026 01:46:22.678] [modloading-worker-0/WARN] [mixin/]: Discarding @Unique public method useItemOn in copycats-neoforge.mixins.json:foundation.copycat.CopycatBlockMixin from mod copycats because it already exists in com.copycatsplus.copycats.content.copycat.stairs.CopycatStairsBlock
[26May2026 01:46:22.678] [modloading-worker-0/WARN] [mixin/]: Discarding @Unique public method useWithoutItem in copycats-neoforge.mixins.json:foundation.copycat.CopycatBlockMixin from mod copycats because it already exists in com.copycatsplus.copycats.content.copycat.stairs.CopycatStairsBlock
[26May2026 01:46:22.696] [modloading-worker-0/WARN] [mixin/]: Discarding @Unique public method rotate in copycats-neoforge.mixins.json:foundation.copycat.CopycatBlockMixin from mod copycats because it already exists in com.copycatsplus.copycats.content.copycat.trapdoor.CopycatTrapdoorBlock
[26May2026 01:46:22.696] [modloading-worker-0/WARN] [mixin/]: Discarding @Unique public method mirror in copycats-neoforge.mixins.json:foundation.copycat.CopycatBlockMixin from mod copycats because it already exists in com.copycatsplus.copycats.content.copycat.trapdoor.CopycatTrapdoorBlock
[26May2026 01:46:22.697] [modloading-worker-0/WARN] [mixin/]: Discarding @Unique public method useItemOn in copycats-neoforge.mixins.json:foundation.copycat.CopycatBlockMixin from mod copycats because it already exists in com.copycatsplus.copycats.content.copycat.trapdoor.CopycatTrapdoorBlock
[26May2026 01:46:22.697] [modloading-worker-0/WARN] [mixin/]: Discarding @Unique public method useWithoutItem in copycats-neoforge.mixins.json:foundation.copycat.CopycatBlockMixin from mod copycats because it already exists in com.copycatsplus.copycats.content.copycat.trapdoor.CopycatTrapdoorBlock
[26May2026 01:46:22.713] [modloading-worker-0/WARN] [mixin/]: Discarding @Unique public method rotate in copycats-neoforge.mixins.json:foundation.copycat.CopycatBlockMixin from mod copycats because it already exists in com.copycatsplus.copycats.content.copycat.wall.CopycatWallBlock
[26May2026 01:46:22.714] [modloading-worker-0/WARN] [mixin/]: Discarding @Unique public method mirror in copycats-neoforge.mixins.json:foundation.copycat.CopycatBlockMixin from mod copycats because it already exists in com.copycatsplus.copycats.content.copycat.wall.CopycatWallBlock
[26May2026 01:46:22.714] [modloading-worker-0/WARN] [mixin/]: Discarding @Unique public method useItemOn in copycats-neoforge.mixins.json:foundation.copycat.CopycatBlockMixin from mod copycats because it already exists in com.copycatsplus.copycats.content.copycat.wall.CopycatWallBlock
[26May2026 01:46:22.714] [modloading-worker-0/WARN] [mixin/]: Discarding @Unique public method useWithoutItem in copycats-neoforge.mixins.json:foundation.copycat.CopycatBlockMixin from mod copycats because it already exists in com.copycatsplus.copycats.content.copycat.wall.CopycatWallBlock
[26May2026 01:46:22.722] [modloading-worker-0/INFO] [xaero.lib.XaeroLib/]: Registering common data for channel xaerolib:main!
[26May2026 01:46:22.723] [modloading-worker-0/INFO] [xaero.lib.XaeroLib/]: Loading primary common config for channel xaerolib:main!
[26May2026 01:46:22.727] [modloading-worker-0/INFO] [xaero.lib.XaeroLib/]: Loading server config profiles for channel xaerolib:main!
[26May2026 01:46:22.743] [modloading-worker-0/WARN] [mixin/]: Discarding @Unique public method rotate in copycats-neoforge.mixins.json:foundation.copycat.CopycatBlockMixin from mod copycats because it already exists in com.copycatsplus.copycats.content.copycat.shaft.CopycatShaftBlock
[26May2026 01:46:22.743] [modloading-worker-0/WARN] [mixin/]: Discarding @Unique public method mirror in copycats-neoforge.mixins.json:foundation.copycat.CopycatBlockMixin from mod copycats because it already exists in com.copycatsplus.copycats.content.copycat.shaft.CopycatShaftBlock
[26May2026 01:46:22.743] [modloading-worker-0/WARN] [mixin/]: Discarding @Unique public method useItemOn in copycats-neoforge.mixins.json:foundation.copycat.CopycatBlockMixin from mod copycats because it already exists in com.copycatsplus.copycats.content.copycat.shaft.CopycatShaftBlock
[26May2026 01:46:22.743] [modloading-worker-0/WARN] [mixin/]: Discarding @Unique public method useWithoutItem in copycats-neoforge.mixins.json:foundation.copycat.CopycatBlockMixin from mod copycats because it already exists in com.copycatsplus.copycats.content.copycat.shaft.CopycatShaftBlock
[26May2026 01:46:22.753] [modloading-worker-0/WARN] [mixin/]: Discarding @Unique public method rotate in copycats-neoforge.mixins.json:foundation.copycat.multistate.MultiStateCopycatBlockMixin from mod copycats because it already exists in com.copycatsplus.copycats.content.copycat.cogwheel.CopycatCogWheelBlock
[26May2026 01:46:22.753] [modloading-worker-0/WARN] [mixin/]: Discarding @Unique public method mirror in copycats-neoforge.mixins.json:foundation.copycat.multistate.MultiStateCopycatBlockMixin from mod copycats because it already exists in com.copycatsplus.copycats.content.copycat.cogwheel.CopycatCogWheelBlock
[26May2026 01:46:22.753] [modloading-worker-0/WARN] [mixin/]: Discarding @Unique public method useItemOn in copycats-neoforge.mixins.json:foundation.copycat.multistate.MultiStateCopycatBlockMixin from mod copycats because it already exists in com.copycatsplus.copycats.content.copycat.cogwheel.CopycatCogWheelBlock
[26May2026 01:46:22.753] [modloading-worker-0/WARN] [mixin/]: Discarding @Unique public method useWithoutItem in copycats-neoforge.mixins.json:foundation.copycat.multistate.MultiStateCopycatBlockMixin from mod copycats because it already exists in com.copycatsplus.copycats.content.copycat.cogwheel.CopycatCogWheelBlock
[26May2026 01:46:22.772] [modloading-worker-0/WARN] [mixin/]: Discarding @Unique public method rotate in copycats-neoforge.mixins.json:foundation.copycat.CopycatBlockMixin from mod copycats because it already exists in com.copycatsplus.copycats.content.copycat.fluid_pipe.CopycatFluidPipeBlock
[26May2026 01:46:22.772] [modloading-worker-0/WARN] [mixin/]: Discarding @Unique public method mirror in copycats-neoforge.mixins.json:foundation.copycat.CopycatBlockMixin from mod copycats because it already exists in com.copycatsplus.copycats.content.copycat.fluid_pipe.CopycatFluidPipeBlock
[26May2026 01:46:22.772] [modloading-worker-0/WARN] [mixin/]: Discarding @Unique public method useItemOn in copycats-neoforge.mixins.json:foundation.copycat.CopycatBlockMixin from mod copycats because it already exists in com.copycatsplus.copycats.content.copycat.fluid_pipe.CopycatFluidPipeBlock
[26May2026 01:46:22.772] [modloading-worker-0/WARN] [mixin/]: Discarding @Unique public method useWithoutItem in copycats-neoforge.mixins.json:foundation.copycat.CopycatBlockMixin from mod copycats because it already exists in com.copycatsplus.copycats.content.copycat.fluid_pipe.CopycatFluidPipeBlock
[26May2026 01:46:22.781] [modloading-worker-0/WARN] [mixin/]: Discarding @Unique public method rotate in copycats-neoforge.mixins.json:foundation.copycat.CopycatBlockMixin from mod copycats because it already exists in com.copycatsplus.copycats.content.copycat.pane.CopycatPaneBlock
[26May2026 01:46:22.781] [modloading-worker-0/WARN] [mixin/]: Discarding @Unique public method mirror in copycats-neoforge.mixins.json:foundation.copycat.CopycatBlockMixin from mod copycats because it already exists in com.copycatsplus.copycats.content.copycat.pane.CopycatPaneBlock
[26May2026 01:46:22.782] [modloading-worker-0/WARN] [mixin/]: Discarding @Unique public method useItemOn in copycats-neoforge.mixins.json:foundation.copycat.CopycatBlockMixin from mod copycats because it already exists in com.copycatsplus.copycats.content.copycat.pane.CopycatPaneBlock
[26May2026 01:46:22.782] [modloading-worker-0/WARN] [mixin/]: Discarding @Unique public method useWithoutItem in copycats-neoforge.mixins.json:foundation.copycat.CopycatBlockMixin from mod copycats because it already exists in com.copycatsplus.copycats.content.copycat.pane.CopycatPaneBlock
[26May2026 01:46:22.798] [modloading-worker-0/WARN] [mixin/]: Discarding @Unique public method onLoad in copycats-neoforge.mixins.json:foundation.copycat.CopycatBlockEntityMixin from mod copycats because it already exists in com.copycatsplus.copycats.foundation.copycat.CCCopycatBlockEntity
[26May2026 01:46:22.806] [modloading-worker-0/WARN] [mixin/]: Discarding @Unique public method onLoad in copycats-neoforge.mixins.json:foundation.copycat.multistate.MultiStateCopycatBlockEntityMixin from mod copycats because it already exists in com.copycatsplus.copycats.foundation.copycat.multistate.MultiStateCopycatBlockEntity
[26May2026 01:46:22.817] [modloading-worker-0/WARN] [mixin/]: Discarding @Unique public method onLoad in copycats-neoforge.mixins.json:foundation.copycat.CopycatBlockEntityMixin from mod copycats because it already exists in com.copycatsplus.copycats.content.copycat.shaft.CopycatShaftBlockEntity
[26May2026 01:46:22.825] [modloading-worker-0/WARN] [mixin/]: Discarding @Unique public method onLoad in copycats-neoforge.mixins.json:foundation.copycat.multistate.MultiStateCopycatBlockEntityMixin from mod copycats because it already exists in com.copycatsplus.copycats.content.copycat.cogwheel.CopycatCogWheelBlockEntity
[26May2026 01:46:22.832] [modloading-worker-0/WARN] [mixin/]: Discarding @Unique public method onLoad in copycats-neoforge.mixins.json:foundation.copycat.CopycatBlockEntityMixin from mod copycats because it already exists in com.copycatsplus.copycats.content.copycat.fluid_pipe.CopycatFluidPipeBlockEntity
[26May2026 01:46:22.847] [modloading-worker-0/WARN] [mixin/]: Discarding @Unique public method onLoad in copycats-neoforge.mixins.json:foundation.copycat.CopycatBlockEntityMixin from mod copycats because it already exists in com.copycatsplus.copycats.content.copycat.fluid_pipe.CopycatStraightPipeBlockEntity
[26May2026 01:46:22.850] [modloading-worker-0/WARN] [mixin/]: Discarding @Unique public method onLoad in copycats-neoforge.mixins.json:foundation.copycat.CopycatBlockEntityMixin from mod copycats because it already exists in com.copycatsplus.copycats.content.copycat.sliding_door.CopycatSlidingDoorBlockEntity
[26May2026 01:46:22.909] [modloading-worker-0/INFO] [net.blay09.mods.balm.neoforge.config.NeoForgeBalmConfig/]: Registering config for waystones:common (COMMON) with 34 properties.
[26May2026 01:46:22.983] [modloading-worker-0/INFO] [Dungeon Crawl/]: Here we go! Launching Dungeon Crawl 2.3.17...
[26May2026 01:46:23.038] [modloading-worker-0/INFO] [netherdepthsupgrade/]: Registering Enchantments for netherdepthsupgrade
[26May2026 01:46:23.084] [modloading-worker-0/INFO] [net.blay09.mods.balm.neoforge.config.NeoForgeBalmConfig/]: Registering config for craftingtweaks:common (COMMON) with 8 properties.
[26May2026 01:46:23.116] [modloading-worker-0/INFO] [Moonlight/]: Sending changed configs to client
[26May2026 01:46:23.367] [modloading-worker-0/INFO] [com.simibubi.create.Create/]: Create 6.0.10 initializing! Commit hash: ac0c444d9828da3453ae8cc65338e8de063286fb
[26May2026 01:46:23.422] [modloading-worker-0/INFO] [xaero.common.HudMod/]: Registering common data for channel xaerominimap:main!
[26May2026 01:46:23.469] [modloading-worker-0/INFO] [xaero.common.HudMod/]: Loading primary common config for channel xaerominimap:main!
[26May2026 01:46:23.471] [modloading-worker-0/INFO] [xaero.common.HudMod/]: Loading server config profiles for channel xaerominimap:main!
[26May2026 01:46:23.487] [modloading-worker-0/INFO] [Puzzles Lib/]: Constructing common components for puzzleslib:main
[26May2026 01:46:23.558] [modloading-worker-0/INFO] [be.florens.expandability.ExpandAbility/]: ExpandAbility here, who dis?
[26May2026 01:46:24.643] [modloading-worker-0/INFO] [dev.ryanhcode.sable.Sable/]: Sable loaded!
[26May2026 01:46:24.734] [modloading-worker-0/INFO] [Create Deco/]: Populating connected texture maps...
[26May2026 01:46:24.749] [modloading-worker-0/INFO] [Create Deco/]: Registering items for Create Deco
[26May2026 01:46:24.755] [modloading-worker-0/INFO] [Create Deco/]: Registering blocks for Create Deco
[26May2026 01:46:32.772] [modloading-sync-worker/INFO] [Moonlight/]: Initialized block sets in 33ms
[26May2026 01:46:33.203] [modloading-sync-worker/INFO] [Create: Trading Floor/]: Registering Advancements for: Create: Trading Floor
[26May2026 01:46:41.246] [modloading-sync-worker/INFO] [Moonlight/]: Sending changed configs to client
[26May2026 01:46:41.263] [modloading-sync-worker/INFO] [Puzzles Lib/]: Dispatching loading event for config mutantmonsters-common.toml
[26May2026 01:46:41.281] [modloading-sync-worker/WARN] [net.neoforged.fml.config.ConfigTracker/CONFIG]: Configuration file /workspaces/server-refluido-/servidor_minecraft/config/knightlib.toml is not correct. Correcting
[26May2026 01:46:41.297] [modloading-sync-worker/INFO] [Moonlight/]: Sending changed configs to client
[26May2026 01:46:41.298] [modloading-sync-worker/INFO] [com.tom.createores.CreateOreExcavation/]: Loaded Create Ore Excavation config file createoreexcavation-common.toml
[26May2026 01:46:41.315] [modloading-worker-0/INFO] [net.tysontheember.emberstextapi.EmbersTextAPI/]: EmbersTextAPI common setup complete
[26May2026 01:46:41.325] [NeoForge Version Check/INFO] [net.neoforged.fml.VersionChecker/]: [aether] Starting version check at https://github.com/The-Aether-Team/The-Aether/raw/1.21.1-develop/update.json
[26May2026 01:46:41.333] [modloading-worker-0/INFO] [xaero.lib.XaeroLib/]: Loading XaeroLib common 1/2!
[26May2026 01:46:41.350] [modloading-worker-0/INFO] [com.tom.createores.CreateOreExcavation/]: Create Ore Excavation starting
[26May2026 01:46:41.364] [modloading-worker-0/INFO] [net.createteleporters.CreateteleportersMod/]: === CREATE TRAIN PORTAL BOOTSTRAP CALLED ===
[26May2026 01:46:41.365] [modloading-worker-0/INFO] [net.createteleporters.CreateteleportersMod/]: Create mod loaded: true
[26May2026 01:46:41.367] [modloading-worker-0/INFO] [net.createteleporters.CreateteleportersMod/]: Enqueueing Create train portal integration registration
[26May2026 01:46:41.407] [modloading-sync-worker/INFO] [Supplementaries/]: Finished mod setup in: [0, 0, 2, 0, 2, 0] ms
[26May2026 01:46:41.420] [modloading-sync-worker/INFO] [Create: Trading Floor/]: Registering Advancements for: Create: Trading Floor
[26May2026 01:46:41.428] [modloading-sync-worker/INFO] [terrablender/]: Registered region minecraft:overworld to index 0 for type OVERWORLD
[26May2026 01:46:41.431] [modloading-sync-worker/INFO] [terrablender/]: Registered region minecraft:nether to index 0 for type NETHER
[26May2026 01:46:41.431] [modloading-sync-worker/INFO] [terrablender/]: Registered region aether:the_aether to index 0 for type THE_AETHER
[26May2026 01:46:41.431] [modloading-sync-worker/INFO] [terrablender/]: Registered region deep_aether:deep_aether to index 1 for type THE_AETHER
[26May2026 01:46:41.432] [modloading-sync-worker/INFO] [terrablender/]: Registered region deep_aether:rare to index 2 for type THE_AETHER
[26May2026 01:46:41.470] [modloading-sync-worker/INFO] [terrablender/]: Registered region biomesoplenty:overworld_primary to index 1 for type OVERWORLD
[26May2026 01:46:41.471] [modloading-sync-worker/INFO] [terrablender/]: Registered region biomesoplenty:overworld_secondary to index 2 for type OVERWORLD
[26May2026 01:46:41.471] [modloading-sync-worker/INFO] [terrablender/]: Registered region biomesoplenty:overworld_rare to index 3 for type OVERWORLD
[26May2026 01:46:41.472] [modloading-sync-worker/INFO] [terrablender/]: Registered region biomesoplenty:nether_common to index 1 for type NETHER
[26May2026 01:46:41.472] [modloading-sync-worker/INFO] [terrablender/]: Registered region biomesoplenty:nether_rare to index 2 for type NETHER
[26May2026 01:46:41.587] [NeoForge Version Check/INFO] [net.neoforged.fml.VersionChecker/]: [aether] Found status: UP_TO_DATE Current: 1.5.10 Target: null
[26May2026 01:46:41.588] [NeoForge Version Check/INFO] [net.neoforged.fml.VersionChecker/]: [mcwwindows] Starting version check at https://raw.githubusercontent.com/sketchmacaw/macawsmods/master/window.json
[26May2026 01:46:41.601] [NeoForge Version Check/INFO] [net.neoforged.fml.VersionChecker/]: [mcwwindows] Found status: UP_TO_DATE Current: 2.4.2 Target: null
[26May2026 01:46:41.602] [NeoForge Version Check/INFO] [net.neoforged.fml.VersionChecker/]: [mcwstairs] Starting version check at https://raw.githubusercontent.com/sketchmacaw/macawsmods/master/stairs.json
[26May2026 01:46:41.605] [modloading-sync-worker/INFO] [Moonlight/]: Initialized color sets in 129ms
[26May2026 01:46:41.605] [modloading-sync-worker/INFO] [com.finderfeed.fdlib.FDLib/]: Loading FD animations...
[26May2026 01:46:41.605] [modloading-sync-worker/INFO] [com.finderfeed.fdlib.FDLib/]: Loading animation: fdlib:testanim
[26May2026 01:46:41.614] [NeoForge Version Check/INFO] [net.neoforged.fml.VersionChecker/]: [mcwstairs] Found status: UP_TO_DATE Current: 1.0.2 Target: null
[26May2026 01:46:41.614] [NeoForge Version Check/INFO] [net.neoforged.fml.VersionChecker/]: [bookshelf] Starting version check at https://updates.blamejared.com/get?n=bookshelf&gv=1.21.1&ml=neoforge
[26May2026 01:46:41.616] [modloading-sync-worker/INFO] [com.finderfeed.fdlib.FDLib/]: FD Animations loaded!
[26May2026 01:46:41.616] [modloading-sync-worker/INFO] [com.finderfeed.fdlib.FDLib/]: Loading FD models...
[26May2026 01:46:41.616] [modloading-sync-worker/INFO] [com.finderfeed.fdlib.FDLib/]: Loading model: fdlib:test
[26May2026 01:46:41.621] [modloading-sync-worker/INFO] [com.finderfeed.fdlib.FDLib/]: Loading model: fdlib:test
[26May2026 01:46:41.621] [modloading-sync-worker/INFO] [com.finderfeed.fdlib.FDLib/]: FD Models loaded!
[26May2026 01:46:41.622] [modloading-sync-worker/INFO] [net.createteleporters.CreateteleportersMod/]: CreateTrainPortalIntegration class loaded!
[26May2026 01:46:41.622] [modloading-sync-worker/INFO] [net.createteleporters.CreateteleportersMod/]: === REGISTERING TRAIN PORTAL INTEGRATION ===
[26May2026 01:46:41.622] [modloading-sync-worker/INFO] [net.createteleporters.CreateteleportersMod/]: QUANTUM_PORTAL_BLOCK: Block{createteleporters:quantum_portal_block}
[26May2026 01:46:41.623] [modloading-sync-worker/INFO] [net.createteleporters.CreateteleportersMod/]: Registered Create train portal provider for quantum portal blocks.
[26May2026 01:46:41.624] [modloading-sync-worker/INFO] [net.createteleporters.CreateteleportersMod/]: Immersive Portals loaded: false
[26May2026 01:46:41.625] [modloading-sync-worker/INFO] [net.createteleporters.CreateteleportersMod/]: Immersive Portals Compatibility: enabled=false, loaded=false
[26May2026 01:46:41.625] [modloading-sync-worker/INFO] [net.createteleporters.CreateteleportersMod/]: Trains will use vanilla quantum portal blocks
[26May2026 01:46:41.625] [modloading-sync-worker/INFO] [net.createteleporters.CreateteleportersMod/]: === END REGISTRATION ===
[26May2026 01:46:41.642] [modloading-worker-0/INFO] [xaero.map.server.WorldMapServer/]: Loading Xaero's World Map - Stage 1/2 (Server)
[26May2026 01:46:41.642] [modloading-worker-0/INFO] [xaero.lib.XaeroLib/]: Loading XaeroLib server 1/2!
[26May2026 01:46:41.643] [modloading-worker-0/INFO] [xaero.minimap.XaeroMinimap/]: Loading Xaero's Minimap - Stage 1/2 (Server)
[26May2026 01:46:41.644] [modloading-sync-worker/INFO] [xaero.map.server.WorldMapServer/]: Loading Xaero's World Map - Stage 2/2 (Server)
[26May2026 01:46:41.644] [modloading-sync-worker/INFO] [xaero.lib.XaeroLib/]: Loading XaeroLib common 2/2!
[26May2026 01:46:41.645] [modloading-sync-worker/INFO] [xaero.lib.XaeroLib/]: Loading XaeroLib server 2/2!
[26May2026 01:46:41.645] [modloading-sync-worker/INFO] [xaero.minimap.XaeroMinimap/]: Loading Xaero's Minimap - Stage 2/2 (Server)
[26May2026 01:46:41.776] [modloading-worker-0/INFO] [com.mrh0.createaddition.CreateAddition/]: Create Crafts & Additions Initialized!
[26May2026 01:46:41.819] [modloading-worker-0/INFO] [snownee.jade.Jade/]: Start loading plugin from com.aetherteam.aether.integration.jade.AetherJadePlugin
[26May2026 01:46:41.829] [modloading-worker-0/INFO] [snownee.jade.Jade/]: Start loading plugin from net.blay09.mods.balm.neoforge.compat.hudinfo.NeoForgeJadeModCompat
[26May2026 01:46:41.830] [modloading-worker-0/INFO] [snownee.jade.Jade/]: Start loading plugin from net.mehvahdjukaar.supplementaries.integration.JadeCompat
[26May2026 01:46:41.831] [modloading-worker-0/INFO] [snownee.jade.Jade/]: Start loading plugin from ovh.corail.tombstone.compatibility.IntegrationJade
[26May2026 01:46:41.832] [modloading-worker-0/INFO] [snownee.jade.Jade/]: Start loading plugin from net.blay09.mods.waystones.compat.JadeIntegration
[26May2026 01:46:41.832] [modloading-worker-0/INFO] [snownee.jade.Jade/]: Start loading plugin from snownee.jade.addon.vanilla.VanillaPlugin
[26May2026 01:46:41.845] [modloading-worker-0/INFO] [snownee.jade.Jade/]: Start loading plugin from snownee.jade.addon.universal.UniversalPlugin
[26May2026 01:46:41.856] [modloading-worker-0/INFO] [snownee.jade.Jade/]: Start loading plugin from snownee.jade.addon.debug.DebugPlugin
[26May2026 01:46:41.856] [modloading-worker-0/INFO] [snownee.jade.Jade/]: Start loading plugin from snownee.jade.addon.core.CorePlugin
[26May2026 01:46:41.857] [modloading-worker-0/INFO] [snownee.jade.Jade/]: Start loading plugin from snownee.jade.addon.access.AccessibilityPlugin
[26May2026 01:46:41.857] [modloading-worker-0/INFO] [snownee.jade.Jade/]: Start loading plugin from net.geforcemods.securitycraft.compat.hudmods.JadeDataProvider
[26May2026 01:46:41.974] [modloading-sync-worker/INFO] [net.tysontheember.emberstextapi.EmbersTextAPI/]: Network payloads registered
[26May2026 01:46:41.976] [NeoForge Version Check/INFO] [net.neoforged.fml.VersionChecker/]: [bookshelf] Found status: BETA Current: 21.1.81 Target: 21.1.81
[26May2026 01:46:41.976] [NeoForge Version Check/INFO] [net.neoforged.fml.VersionChecker/]: [mcwdoors] Starting version check at https://raw.githubusercontent.com/sketchmacaw/macawsmods/master/doors.json
[26May2026 01:46:41.990] [NeoForge Version Check/INFO] [net.neoforged.fml.VersionChecker/]: [mcwdoors] Found status: AHEAD Current: 1.1.5 Target: null
[26May2026 01:46:41.991] [NeoForge Version Check/INFO] [net.neoforged.fml.VersionChecker/]: [prickle] Starting version check at https://updates.blamejared.com/get?n=prickle&gv=1.21.1&ml=neoforge
[26May2026 01:46:42.093] [NeoForge Version Check/INFO] [net.neoforged.fml.VersionChecker/]: [prickle] Found status: BETA Current: 21.1.11 Target: 21.1.11
[26May2026 01:46:42.094] [NeoForge Version Check/INFO] [net.neoforged.fml.VersionChecker/]: [mcwbridges] Starting version check at https://raw.githubusercontent.com/sketchmacaw/macawsmods/master/bridges.json
[26May2026 01:46:42.104] [NeoForge Version Check/INFO] [net.neoforged.fml.VersionChecker/]: [mcwbridges] Found status: AHEAD Current: 3.1.2 Target: null
[26May2026 01:46:42.105] [NeoForge Version Check/INFO] [net.neoforged.fml.VersionChecker/]: [mcwtrpdoors] Starting version check at https://raw.githubusercontent.com/sketchmacaw/macawsmods/master/trapdoors.json
[26May2026 01:46:42.116] [NeoForge Version Check/INFO] [net.neoforged.fml.VersionChecker/]: [mcwtrpdoors] Found status: UP_TO_DATE Current: 1.1.5 Target: null
[26May2026 01:46:42.116] [NeoForge Version Check/INFO] [net.neoforged.fml.VersionChecker/]: [mcwfences] Starting version check at https://raw.githubusercontent.com/sketchmacaw/macawsmods/master/fences.json
[26May2026 01:46:42.127] [NeoForge Version Check/INFO] [net.neoforged.fml.VersionChecker/]: [mcwfences] Found status: UP_TO_DATE Current: 1.2.1 Target: null
[26May2026 01:46:42.127] [NeoForge Version Check/INFO] [net.neoforged.fml.VersionChecker/]: [tombstone] Starting version check at https://raw.githubusercontent.com/Corail31/tombstone_lite/master/neoforge-update.json
[26May2026 01:46:42.143] [NeoForge Version Check/INFO] [net.neoforged.fml.VersionChecker/]: [tombstone] Found status: UP_TO_DATE Current: 9.4.9 Target: null
[26May2026 01:46:42.144] [NeoForge Version Check/INFO] [net.neoforged.fml.VersionChecker/]: [mcwroofs] Starting version check at https://raw.githubusercontent.com/sketchmacaw/macawsmods/master/roofs.json
[26May2026 01:46:42.155] [NeoForge Version Check/INFO] [net.neoforged.fml.VersionChecker/]: [mcwroofs] Found status: UP_TO_DATE Current: 2.3.2 Target: null
[26May2026 01:46:42.155] [NeoForge Version Check/INFO] [net.neoforged.fml.VersionChecker/]: [mcwfurnitures] Starting version check at https://raw.githubusercontent.com/sketchmacaw/macawsmods/master/furniture.json
[26May2026 01:46:42.169] [NeoForge Version Check/INFO] [net.neoforged.fml.VersionChecker/]: [mcwfurnitures] Found status: UP_TO_DATE Current: 3.4.1 Target: null
[26May2026 01:46:42.170] [NeoForge Version Check/INFO] [net.neoforged.fml.VersionChecker/]: [deep_aether] Starting version check at https://github.com/RazorDevs/Deep-Aether/raw/1.21.1-1.1/update.json
[26May2026 01:46:42.284] [main/INFO] [com.mojang.authlib.yggdrasil.YggdrasilAuthenticationService/]: Environment: Environment[sessionHost=https://sessionserver.mojang.com, servicesHost=https://api.minecraftservices.com, name=PROD]
[26May2026 01:46:42.288] [NeoForge Version Check/INFO] [net.neoforged.fml.VersionChecker/]: [deep_aether] Found status: AHEAD Current: 1.21.1-1.1.5.1 Target: null
[26May2026 01:46:42.288] [NeoForge Version Check/INFO] [net.neoforged.fml.VersionChecker/]: [mcwlights] Starting version check at https://raw.githubusercontent.com/sketchmacaw/macawsmods/master/lights.json
[26May2026 01:46:42.299] [NeoForge Version Check/INFO] [net.neoforged.fml.VersionChecker/]: [mcwlights] Found status: UP_TO_DATE Current: 1.1.5 Target: null
[26May2026 01:46:42.300] [NeoForge Version Check/INFO] [net.neoforged.fml.VersionChecker/]: [mutantmonsters] Starting version check at https://raw.githubusercontent.com/Fuzss/modresources/main/update/mutantmonsters.json
[26May2026 01:46:42.313] [NeoForge Version Check/INFO] [net.neoforged.fml.VersionChecker/]: [mutantmonsters] Found status: UP_TO_DATE Current: 21.1.1 Target: null
[26May2026 01:46:42.313] [NeoForge Version Check/INFO] [net.neoforged.fml.VersionChecker/]: [copycats] Starting version check at https://raw.githubusercontent.com/copycats-plus/copycats/multiloader/update.json
[26May2026 01:46:42.327] [NeoForge Version Check/INFO] [net.neoforged.fml.VersionChecker/]: [copycats] Found status: AHEAD Current: 3.0.4+mc.1.21.1-neoforge Target: null
[26May2026 01:46:42.327] [NeoForge Version Check/INFO] [net.neoforged.fml.VersionChecker/]: [goblintraders] Starting version check at https://mrcrayfish.com/api/mod_update/neoforge/goblintraders
[26May2026 01:46:42.382] [main/WARN] [net.minecraft.server.packs.VanillaPackResourcesBuilder/]: Assets URL 'union:/workspaces/server-refluido-/servidor_minecraft/libraries/net/minecraft/server/1.21.1-20240808.144430/server-1.21.1-20240808.144430-srg.jar%23233!/assets/.mcassetsroot' uses unexpected schema
[26May2026 01:46:42.384] [main/WARN] [net.minecraft.server.packs.VanillaPackResourcesBuilder/]: Assets URL 'union:/workspaces/server-refluido-/servidor_minecraft/libraries/net/minecraft/server/1.21.1-20240808.144430/server-1.21.1-20240808.144430-srg.jar%23233!/data/.mcassetsroot' uses unexpected schema
[26May2026 01:46:42.437] [NeoForge Version Check/WARN] [net.neoforged.fml.VersionChecker/]: Failed to process update information
com.google.gson.JsonSyntaxException: java.lang.IllegalStateException: Expected BEGIN_OBJECT but was STRING at line 1 column 1 path $
	at MC-BOOTSTRAP/com.google.gson@2.10.1/com.google.gson.Gson.fromJson(Gson.java:1238) ~[gson-2.10.1.jar%2392!/:?]
	at MC-BOOTSTRAP/com.google.gson@2.10.1/com.google.gson.Gson.fromJson(Gson.java:1137) ~[gson-2.10.1.jar%2392!/:?]
	at MC-BOOTSTRAP/com.google.gson@2.10.1/com.google.gson.Gson.fromJson(Gson.java:1047) ~[gson-2.10.1.jar%2392!/:?]
	at MC-BOOTSTRAP/com.google.gson@2.10.1/com.google.gson.Gson.fromJson(Gson.java:982) ~[gson-2.10.1.jar%2392!/:?]
	at MC-BOOTSTRAP/fml_loader@4.0.42/net.neoforged.fml.VersionChecker$1.process(VersionChecker.java:167) ~[loader-4.0.42.jar%2357!/:4.0]
	at java.base/java.lang.Iterable.forEach(Iterable.java:75) [?:?]
	at MC-BOOTSTRAP/fml_loader@4.0.42/net.neoforged.fml.VersionChecker$1.run(VersionChecker.java:105) [loader-4.0.42.jar%2357!/:4.0]
Caused by: java.lang.IllegalStateException: Expected BEGIN_OBJECT but was STRING at line 1 column 1 path $
	at MC-BOOTSTRAP/com.google.gson@2.10.1/com.google.gson.stream.JsonReader.beginObject(JsonReader.java:393) ~[gson-2.10.1.jar%2392!/:?]
	at MC-BOOTSTRAP/com.google.gson@2.10.1/com.google.gson.internal.bind.MapTypeAdapterFactory$Adapter.read(MapTypeAdapterFactory.java:182) ~[gson-2.10.1.jar%2392!/:?]
	at MC-BOOTSTRAP/com.google.gson@2.10.1/com.google.gson.internal.bind.MapTypeAdapterFactory$Adapter.read(MapTypeAdapterFactory.java:144) ~[gson-2.10.1.jar%2392!/:?]
	at MC-BOOTSTRAP/com.google.gson@2.10.1/com.google.gson.Gson.fromJson(Gson.java:1227) ~[gson-2.10.1.jar%2392!/:?]
	... 6 more
[26May2026 01:46:42.439] [NeoForge Version Check/INFO] [net.neoforged.fml.VersionChecker/]: [mcwholidays] Starting version check at https://raw.githubusercontent.com/sketchmacaw/macawsmods/master/holidays.json
[26May2026 01:46:42.449] [NeoForge Version Check/INFO] [net.neoforged.fml.VersionChecker/]: [mcwholidays] Found status: UP_TO_DATE Current: 1.1.2 Target: null
[26May2026 01:46:42.449] [NeoForge Version Check/INFO] [net.neoforged.fml.VersionChecker/]: [mcwpaintings] Starting version check at https://raw.githubusercontent.com/sketchmacaw/macawsmods/master/paintings.json
[26May2026 01:46:42.464] [NeoForge Version Check/INFO] [net.neoforged.fml.VersionChecker/]: [mcwpaintings] Found status: AHEAD Current: 1.1.0 Target: null
[26May2026 01:46:42.464] [NeoForge Version Check/INFO] [net.neoforged.fml.VersionChecker/]: [mcwpaths] Starting version check at https://raw.githubusercontent.com/sketchmacaw/macawsmods/master/paths.json
[26May2026 01:46:42.478] [NeoForge Version Check/INFO] [net.neoforged.fml.VersionChecker/]: [mcwpaths] Found status: UP_TO_DATE Current: 1.1.1 Target: null
[26May2026 01:46:42.479] [NeoForge Version Check/INFO] [net.neoforged.fml.VersionChecker/]: [enchdesc] Starting version check at https://updates.blamejared.com/get?n=enchdesc&gv=1.21.1&ml=neoforge
[26May2026 01:46:42.581] [NeoForge Version Check/INFO] [net.neoforged.fml.VersionChecker/]: [enchdesc] Found status: BETA Current: 21.1.9 Target: 21.1.9
[26May2026 01:46:42.581] [NeoForge Version Check/INFO] [net.neoforged.fml.VersionChecker/]: [createoreexcavation] Starting version check at https://raw.githubusercontent.com/tom5454/Create-Ore-Excavation/main/version-check.json
[26May2026 01:46:42.590] [NeoForge Version Check/INFO] [net.neoforged.fml.VersionChecker/]: [createoreexcavation] Found status: BETA Current: 1.6.8 Target: 1.6.8
[26May2026 01:46:42.591] [NeoForge Version Check/INFO] [net.neoforged.fml.VersionChecker/]: [forgeconfigapiport] Starting version check at https://raw.githubusercontent.com/Fuzss/modresources/main/update/forgeconfigapiport.json
[26May2026 01:46:42.602] [NeoForge Version Check/INFO] [net.neoforged.fml.VersionChecker/]: [forgeconfigapiport] Found status: UP_TO_DATE Current: 21.1.6 Target: null
[26May2026 01:46:42.602] [NeoForge Version Check/INFO] [net.neoforged.fml.VersionChecker/]: [aeroblender] Starting version check at https://github.com/RazorDevs/AeroBlender//raw/1.21.1-1.0/update.json
[26May2026 01:46:42.774] [main/INFO] [com.simibubi.create.Create/]: Created 522 recipes which will be injected into the game
[26May2026 01:46:42.790] [main/INFO] [com.simibubi.create.Create/]: Created 22 tags which will be injected into the game
[26May2026 01:46:42.803] [main/INFO] [plus.dragons.createdragonsplus.data.runtime.RuntimePackResources/]: Starting provider [plus.dragons.createdragonsplus.data.internal.CDPRuntimeRecipeProvider@7d8c4628] for runtime resource [create_dragons_plus:runtime]
[26May2026 01:46:42.806] [NeoForge Version Check/WARN] [net.neoforged.fml.VersionChecker/]: Failed to process update information
com.google.gson.JsonSyntaxException: java.lang.IllegalStateException: Expected BEGIN_OBJECT but was STRING at line 9 column 1 path $
	at MC-BOOTSTRAP/com.google.gson@2.10.1/com.google.gson.Gson.fromJson(Gson.java:1238) ~[gson-2.10.1.jar%2392!/:?]
	at MC-BOOTSTRAP/com.google.gson@2.10.1/com.google.gson.Gson.fromJson(Gson.java:1137) ~[gson-2.10.1.jar%2392!/:?]
	at MC-BOOTSTRAP/com.google.gson@2.10.1/com.google.gson.Gson.fromJson(Gson.java:1047) ~[gson-2.10.1.jar%2392!/:?]
	at MC-BOOTSTRAP/com.google.gson@2.10.1/com.google.gson.Gson.fromJson(Gson.java:982) ~[gson-2.10.1.jar%2392!/:?]
	at MC-BOOTSTRAP/fml_loader@4.0.42/net.neoforged.fml.VersionChecker$1.process(VersionChecker.java:167) ~[loader-4.0.42.jar%2357!/:4.0]
	at java.base/java.lang.Iterable.forEach(Iterable.java:75) [?:?]
	at MC-BOOTSTRAP/fml_loader@4.0.42/net.neoforged.fml.VersionChecker$1.run(VersionChecker.java:105) [loader-4.0.42.jar%2357!/:4.0]
Caused by: java.lang.IllegalStateException: Expected BEGIN_OBJECT but was STRING at line 9 column 1 path $
	at MC-BOOTSTRAP/com.google.gson@2.10.1/com.google.gson.stream.JsonReader.beginObject(JsonReader.java:393) ~[gson-2.10.1.jar%2392!/:?]
	at MC-BOOTSTRAP/com.google.gson@2.10.1/com.google.gson.internal.bind.MapTypeAdapterFactory$Adapter.read(MapTypeAdapterFactory.java:182) ~[gson-2.10.1.jar%2392!/:?]
	at MC-BOOTSTRAP/com.google.gson@2.10.1/com.google.gson.internal.bind.MapTypeAdapterFactory$Adapter.read(MapTypeAdapterFactory.java:144) ~[gson-2.10.1.jar%2392!/:?]
	at MC-BOOTSTRAP/com.google.gson@2.10.1/com.google.gson.Gson.fromJson(Gson.java:1227) ~[gson-2.10.1.jar%2392!/:?]
	... 6 more
[26May2026 01:46:42.807] [NeoForge Version Check/INFO] [net.neoforged.fml.VersionChecker/]: [iceberg] Starting version check at https://mc-update-check.anthonyhilyard.com/520110
[26May2026 01:46:42.837] [main/INFO] [plus.dragons.createdragonsplus.data.runtime.RuntimePackResources/]: plus.dragons.createdragonsplus.data.internal.CDPRuntimeRecipeProvider@7d8c4628 finished after 33 ms
[26May2026 01:46:42.923] [main/INFO] [net.minecraft.server.MinecraftServer/]: Found new data pack builtin/aether_accessories, loading it automatically
[26May2026 01:46:42.958] [main/INFO] [Moonlight/]: Resource cache state for SERVER_DATA: up to date
[26May2026 01:46:42.963] [main/INFO] [Moonlight/]: Populated search tree for pack at /workspaces/server-refluido-/servidor_minecraft/dynamic-data-pack-cache/supplementaries-generated_pack in 2.945 ms
[26May2026 01:46:42.964] [main/INFO] [Moonlight/]: Starting runtime resource generation for pack type SERVER_DATA with generators [supplementaries:generated_pack]
[26May2026 01:46:42.974] [main/INFO] [Moonlight/]: Skipping regeneration for Dynamic SERVER_DATA Resources Provider [supplementaries:generated_pack] (cache up-to-date)
[26May2026 01:46:42.975] [main/INFO] [Moonlight/]: Finished runtime resources generation for 1 packs in a total of 10.42 ms 
[26May2026 01:46:42.989] [NeoForge Version Check/INFO] [net.neoforged.fml.VersionChecker/]: [iceberg] Found status: UP_TO_DATE Current: 1.3.2 Target: null
[26May2026 01:46:42.989] [NeoForge Version Check/INFO] [net.neoforged.fml.VersionChecker/]: [advancementplaques] Starting version check at https://mc-update-check.anthonyhilyard.com/499826
[26May2026 01:46:43.008] [NeoForge Version Check/INFO] [net.neoforged.fml.VersionChecker/]: [advancementplaques] Found status: UP_TO_DATE Current: 1.6.8 Target: null
[26May2026 01:46:43.009] [NeoForge Version Check/INFO] [net.neoforged.fml.VersionChecker/]: [highlighter] Starting version check at https://mc-update-check.anthonyhilyard.com/521590
[26May2026 01:46:43.028] [NeoForge Version Check/INFO] [net.neoforged.fml.VersionChecker/]: [highlighter] Found status: UP_TO_DATE Current: 1.1.11 Target: null
[26May2026 01:46:43.028] [NeoForge Version Check/INFO] [net.neoforged.fml.VersionChecker/]: [create] Starting version check at https://api.modrinth.com/updates/create/forge_updates.json?neoforge=only
[26May2026 01:46:43.125] [NeoForge Version Check/INFO] [net.neoforged.fml.VersionChecker/]: [create] Found status: OUTDATED Current: 6.0.10 Target: 6.0.10+mc1.21.1
[26May2026 01:46:43.125] [NeoForge Version Check/INFO] [net.neoforged.fml.VersionChecker/]: [securitycraft] Starting version check at https://www.github.com/Geforce132/SecurityCraft/raw/master/Updates/Forge.json
[26May2026 01:46:43.188] [NeoForge Version Check/INFO] [net.neoforged.fml.VersionChecker/]: [securitycraft] Found status: UP_TO_DATE Current: 1.10.1 Target: null
[26May2026 01:46:43.188] [NeoForge Version Check/INFO] [net.neoforged.fml.VersionChecker/]: [puzzleslib] Starting version check at https://raw.githubusercontent.com/Fuzss/modresources/main/update/puzzleslib.json
[26May2026 01:46:43.204] [NeoForge Version Check/INFO] [net.neoforged.fml.VersionChecker/]: [puzzleslib] Found status: OUTDATED Current: 21.1.39 Target: 21.1.46
[26May2026 01:46:44.890] [Worker-Main-3/ERROR] [net.minecraft.world.level.storage.loot.LootDataType/]: Couldn't parse element ResourceKey[minecraft:root / minecraft:loot_table]:createteleporters:blocks/customportal - Unknown registry key in ResourceKey[minecraft:root / minecraft:item]: createteleporters:customportal
[26May2026 01:46:45.504] [Worker-Main-3/WARN] [net.minecraft.server.ReloadableServerRegistries/]: Found loot table element validation problem in {minecraft:loot_table:supplementaries:loot/galleon/safe}.pools[0].entries[3]: Unreachable entry!
[26May2026 01:46:45.504] [Worker-Main-3/WARN] [net.minecraft.server.ReloadableServerRegistries/]: Found loot table element validation problem in {minecraft:loot_table:minecraft:chests/pillager_outpost}.pools[7].entries[0]: Unknown loot table called supplementaries:inject/pillager_quiver
[26May2026 01:46:45.504] [Worker-Main-3/WARN] [net.minecraft.server.ReloadableServerRegistries/]: Found loot table element validation problem in {minecraft:loot_table:dungeons_arise:chests/illager_campsite/illager_campsite_tent}.pools[5].entries[0]->{minecraft:chests/pillager_outpost}.pools[7].entries[0]: Unknown loot table called supplementaries:inject/pillager_quiver
[26May2026 01:46:45.505] [Worker-Main-3/WARN] [net.minecraft.server.ReloadableServerRegistries/]: Found loot table element validation problem in {minecraft:loot_table:dungeons_arise:chests/illager_campsite/illager_campsite_map}.pools[7].entries[0]->{minecraft:chests/pillager_outpost}.pools[7].entries[0]: Unknown loot table called supplementaries:inject/pillager_quiver
[26May2026 01:46:45.505] [Worker-Main-3/WARN] [net.minecraft.server.ReloadableServerRegistries/]: Found loot table element validation problem in {minecraft:loot_table:supplementaries:loot/galleon/safe}.pools[2].entries[1]: Unreachable entry!
[26May2026 01:46:47.363] [Worker-Main-3/ERROR] [com.wdiscute.sellingbin.processors.AbstractProcessor/]: Selling Bin Processor selling_bin:quality_foods_processor is not registered! Make sure it's not dependent on another mod, and that you spelt the name correctly. Using empty processor instead.
[26May2026 01:46:47.363] [Worker-Main-3/ERROR] [com.wdiscute.sellingbin.processors.AbstractProcessor/]: Selling Bin Processor selling_bin:quality_foods_processor is not registered! Make sure it's not dependent on another mod, and that you spelt the name correctly. Using empty processor instead.
[26May2026 01:46:47.363] [Worker-Main-3/ERROR] [com.wdiscute.sellingbin.processors.AbstractProcessor/]: Selling Bin Processor selling_bin:quality_foods_processor is not registered! Make sure it's not dependent on another mod, and that you spelt the name correctly. Using empty processor instead.
[26May2026 01:46:47.364] [Worker-Main-3/ERROR] [com.wdiscute.sellingbin.processors.AbstractProcessor/]: Selling Bin Processor selling_bin:quality_foods_processor is not registered! Make sure it's not dependent on another mod, and that you spelt the name correctly. Using empty processor instead.
[26May2026 01:46:47.364] [Worker-Main-3/ERROR] [com.wdiscute.sellingbin.processors.AbstractProcessor/]: Selling Bin Processor selling_bin:quality_foods_processor is not registered! Make sure it's not dependent on another mod, and that you spelt the name correctly. Using empty processor instead.
[26May2026 01:46:56.715] [main/ERROR] [net.minecraft.world.item.crafting.RecipeManager/]: Parsing error loading recipe createdeco:placard
com.google.gson.JsonParseException: Failed to parse either. First: Not a json array: {"id":"minecraft:white_dye"}; Second: No key tag in MapLike[{"id":"minecraft:white_dye"}]; No key item in MapLike[{"id":"minecraft:white_dye"}]
	at MC-BOOTSTRAP/datafixerupper@8.0.16/com.mojang.serialization.DataResult$Error.getOrThrow(DataResult.java:287) ~[datafixerupper-8.0.16.jar%2398!/:?]
	at TRANSFORMER/minecraft@1.21.1/net.minecraft.world.item.crafting.RecipeManager.apply(RecipeManager.java:60) ~[server-1.21.1-20240808.144430-srg.jar%23233!/:?]
	at TRANSFORMER/minecraft@1.21.1/net.minecraft.world.item.crafting.RecipeManager.apply(RecipeManager.java:36) ~[server-1.21.1-20240808.144430-srg.jar%23233!/:?]
	at TRANSFORMER/minecraft@1.21.1/net.minecraft.server.packs.resources.SimplePreparableReloadListener.lambda$reload$1(SimplePreparableReloadListener.java:19) ~[server-1.21.1-20240808.144430-srg.jar%23233!/:?]
	at java.base/java.util.concurrent.CompletableFuture$UniAccept.tryFire(CompletableFuture.java:718) ~[?:?]
	at java.base/java.util.concurrent.CompletableFuture$Completion.run(CompletableFuture.java:482) ~[?:?]
	at TRANSFORMER/minecraft@1.21.1/net.minecraft.server.packs.resources.SimpleReloadInstance.lambda$new$3(SimpleReloadInstance.java:69) ~[server-1.21.1-20240808.144430-srg.jar%23233!/:?]
	at TRANSFORMER/minecraft@1.21.1/net.minecraft.Util.blockUntilDone(Util.java:872) ~[server-1.21.1-20240808.144430-srg.jar%23233!/:?]
	at TRANSFORMER/minecraft@1.21.1/net.minecraft.Util.blockUntilDone(Util.java:861) ~[server-1.21.1-20240808.144430-srg.jar%23233!/:?]
	at TRANSFORMER/minecraft@1.21.1/net.minecraft.server.Main.main(Main.java:204) ~[server-1.21.1-20240808.144430-srg.jar%23233!/:?]
	at java.base/jdk.internal.reflect.DirectMethodHandleAccessor.invoke(DirectMethodHandleAccessor.java:103) ~[?:?]
	at java.base/java.lang.reflect.Method.invoke(Method.java:580) ~[?:?]
	at MC-BOOTSTRAP/fml_loader@4.0.42/net.neoforged.fml.loading.targets.CommonLaunchHandler.runTarget(CommonLaunchHandler.java:136) ~[loader-4.0.42.jar%2357!/:4.0]
	at MC-BOOTSTRAP/fml_loader@4.0.42/net.neoforged.fml.loading.targets.CommonLaunchHandler.serverService(CommonLaunchHandler.java:128) ~[loader-4.0.42.jar%2357!/:4.0]
	at MC-BOOTSTRAP/fml_loader@4.0.42/net.neoforged.fml.loading.targets.CommonServerLaunchHandler.runService(CommonServerLaunchHandler.java:32) ~[loader-4.0.42.jar%2357!/:4.0]
	at MC-BOOTSTRAP/fml_loader@4.0.42/net.neoforged.fml.loading.targets.CommonLaunchHandler.lambda$launchService$4(CommonLaunchHandler.java:118) ~[loader-4.0.42.jar%2357!/:4.0]
	at MC-BOOTSTRAP/cpw.mods.modlauncher@11.0.5/cpw.mods.modlauncher.LaunchServiceHandlerDecorator.launch(LaunchServiceHandlerDecorator.java:30) [modlauncher-11.0.5.jar%2362!/:?]
	at MC-BOOTSTRAP/cpw.mods.modlauncher@11.0.5/cpw.mods.modlauncher.LaunchServiceHandler.launch(LaunchServiceHandler.java:53) [modlauncher-11.0.5.jar%2362!/:?]
	at MC-BOOTSTRAP/cpw.mods.modlauncher@11.0.5/cpw.mods.modlauncher.LaunchServiceHandler.launch(LaunchServiceHandler.java:71) [modlauncher-11.0.5.jar%2362!/:?]
	at MC-BOOTSTRAP/cpw.mods.modlauncher@11.0.5/cpw.mods.modlauncher.Launcher.run(Launcher.java:103) [modlauncher-11.0.5.jar%2362!/:?]
	at MC-BOOTSTRAP/cpw.mods.modlauncher@11.0.5/cpw.mods.modlauncher.Launcher.main(Launcher.java:74) [modlauncher-11.0.5.jar%2362!/:?]
	at MC-BOOTSTRAP/cpw.mods.modlauncher@11.0.5/cpw.mods.modlauncher.BootstrapLaunchConsumer.accept(BootstrapLaunchConsumer.java:26) [modlauncher-11.0.5.jar%2362!/:?]
	at MC-BOOTSTRAP/cpw.mods.modlauncher@11.0.5/cpw.mods.modlauncher.BootstrapLaunchConsumer.accept(BootstrapLaunchConsumer.java:23) [modlauncher-11.0.5.jar%2362!/:?]
	at cpw.mods.bootstraplauncher@2.0.2/cpw.mods.bootstraplauncher.BootstrapLauncher.run(BootstrapLauncher.java:210) [bootstraplauncher-2.0.2.jar:?]
	at cpw.mods.bootstraplauncher@2.0.2/cpw.mods.bootstraplauncher.BootstrapLauncher.main(BootstrapLauncher.java:69) [bootstraplauncher-2.0.2.jar:?]
	at java.base/jdk.internal.reflect.DirectMethodHandleAccessor.invoke(DirectMethodHandleAccessor.java:103) ~[?:?]
	at java.base/java.lang.reflect.Method.invoke(Method.java:580) ~[?:?]
	at net.neoforged.serverstarterjar.Main.mainLaunch(Main.java:297) [neoforge.jar:0.1.34]
	at net.neoforged.serverstarterjar.Main.main(Main.java:76) [neoforge.jar:0.1.34]
	at java.base/jdk.internal.reflect.DirectMethodHandleAccessor.invoke(DirectMethodHandleAccessor.java:103) ~[?:?]
	at java.base/java.lang.reflect.Method.invoke(Method.java:580) ~[?:?]
	at net.neoforged.serverstarterjar.Main8.main(Main8.java:19) [neoforge.jar:0.1.34]
[26May2026 01:46:56.845] [main/ERROR] [net.minecraft.world.item.crafting.RecipeManager/]: Parsing error loading recipe brewinandchewin:fermenting/ghast_sourdough
com.google.gson.JsonParseException: Unknown registry key in ResourceKey[minecraft:root / minecraft:recipe_serializer]: brewinandchewin:fermenting
	at MC-BOOTSTRAP/datafixerupper@8.0.16/com.mojang.serialization.DataResult$Error.getOrThrow(DataResult.java:287) ~[datafixerupper-8.0.16.jar%2398!/:?]
	at TRANSFORMER/minecraft@1.21.1/net.minecraft.world.item.crafting.RecipeManager.apply(RecipeManager.java:60) ~[server-1.21.1-20240808.144430-srg.jar%23233!/:?]
	at TRANSFORMER/minecraft@1.21.1/net.minecraft.world.item.crafting.RecipeManager.apply(RecipeManager.java:36) ~[server-1.21.1-20240808.144430-srg.jar%23233!/:?]
	at TRANSFORMER/minecraft@1.21.1/net.minecraft.server.packs.resources.SimplePreparableReloadListener.lambda$reload$1(SimplePreparableReloadListener.java:19) ~[server-1.21.1-20240808.144430-srg.jar%23233!/:?]
	at java.base/java.util.concurrent.CompletableFuture$UniAccept.tryFire(CompletableFuture.java:718) ~[?:?]
	at java.base/java.util.concurrent.CompletableFuture$Completion.run(CompletableFuture.java:482) ~[?:?]
	at TRANSFORMER/minecraft@1.21.1/net.minecraft.server.packs.resources.SimpleReloadInstance.lambda$new$3(SimpleReloadInstance.java:69) ~[server-1.21.1-20240808.144430-srg.jar%23233!/:?]
	at TRANSFORMER/minecraft@1.21.1/net.minecraft.Util.blockUntilDone(Util.java:872) ~[server-1.21.1-20240808.144430-srg.jar%23233!/:?]
	at TRANSFORMER/minecraft@1.21.1/net.minecraft.Util.blockUntilDone(Util.java:861) ~[server-1.21.1-20240808.144430-srg.jar%23233!/:?]
	at TRANSFORMER/minecraft@1.21.1/net.minecraft.server.Main.main(Main.java:204) ~[server-1.21.1-20240808.144430-srg.jar%23233!/:?]
	at java.base/jdk.internal.reflect.DirectMethodHandleAccessor.invoke(DirectMethodHandleAccessor.java:103) ~[?:?]
	at java.base/java.lang.reflect.Method.invoke(Method.java:580) ~[?:?]
	at MC-BOOTSTRAP/fml_loader@4.0.42/net.neoforged.fml.loading.targets.CommonLaunchHandler.runTarget(CommonLaunchHandler.java:136) ~[loader-4.0.42.jar%2357!/:4.0]
	at MC-BOOTSTRAP/fml_loader@4.0.42/net.neoforged.fml.loading.targets.CommonLaunchHandler.serverService(CommonLaunchHandler.java:128) ~[loader-4.0.42.jar%2357!/:4.0]
	at MC-BOOTSTRAP/fml_loader@4.0.42/net.neoforged.fml.loading.targets.CommonServerLaunchHandler.runService(CommonServerLaunchHandler.java:32) ~[loader-4.0.42.jar%2357!/:4.0]
	at MC-BOOTSTRAP/fml_loader@4.0.42/net.neoforged.fml.loading.targets.CommonLaunchHandler.lambda$launchService$4(CommonLaunchHandler.java:118) ~[loader-4.0.42.jar%2357!/:4.0]
	at MC-BOOTSTRAP/cpw.mods.modlauncher@11.0.5/cpw.mods.modlauncher.LaunchServiceHandlerDecorator.launch(LaunchServiceHandlerDecorator.java:30) [modlauncher-11.0.5.jar%2362!/:?]
	at MC-BOOTSTRAP/cpw.mods.modlauncher@11.0.5/cpw.mods.modlauncher.LaunchServiceHandler.launch(LaunchServiceHandler.java:53) [modlauncher-11.0.5.jar%2362!/:?]
	at MC-BOOTSTRAP/cpw.mods.modlauncher@11.0.5/cpw.mods.modlauncher.LaunchServiceHandler.launch(LaunchServiceHandler.java:71) [modlauncher-11.0.5.jar%2362!/:?]
	at MC-BOOTSTRAP/cpw.mods.modlauncher@11.0.5/cpw.mods.modlauncher.Launcher.run(Launcher.java:103) [modlauncher-11.0.5.jar%2362!/:?]
	at MC-BOOTSTRAP/cpw.mods.modlauncher@11.0.5/cpw.mods.modlauncher.Launcher.main(Launcher.java:74) [modlauncher-11.0.5.jar%2362!/:?]
	at MC-BOOTSTRAP/cpw.mods.modlauncher@11.0.5/cpw.mods.modlauncher.BootstrapLaunchConsumer.accept(BootstrapLaunchConsumer.java:26) [modlauncher-11.0.5.jar%2362!/:?]
	at MC-BOOTSTRAP/cpw.mods.modlauncher@11.0.5/cpw.mods.modlauncher.BootstrapLaunchConsumer.accept(BootstrapLaunchConsumer.java:23) [modlauncher-11.0.5.jar%2362!/:?]
	at cpw.mods.bootstraplauncher@2.0.2/cpw.mods.bootstraplauncher.BootstrapLauncher.run(BootstrapLauncher.java:210) [bootstraplauncher-2.0.2.jar:?]
	at cpw.mods.bootstraplauncher@2.0.2/cpw.mods.bootstraplauncher.BootstrapLauncher.main(BootstrapLauncher.java:69) [bootstraplauncher-2.0.2.jar:?]
	at java.base/jdk.internal.reflect.DirectMethodHandleAccessor.invoke(DirectMethodHandleAccessor.java:103) ~[?:?]
	at java.base/java.lang.reflect.Method.invoke(Method.java:580) ~[?:?]
	at net.neoforged.serverstarterjar.Main.mainLaunch(Main.java:297) [neoforge.jar:0.1.34]
	at net.neoforged.serverstarterjar.Main.main(Main.java:76) [neoforge.jar:0.1.34]
	at java.base/jdk.internal.reflect.DirectMethodHandleAccessor.invoke(DirectMethodHandleAccessor.java:103) ~[?:?]
	at java.base/java.lang.reflect.Method.invoke(Method.java:580) ~[?:?]
	at net.neoforged.serverstarterjar.Main8.main(Main8.java:19) [neoforge.jar:0.1.34]
[26May2026 01:46:56.996] [main/INFO] [net.minecraft.world.item.crafting.RecipeManager/]: Loaded 16762 recipes
[26May2026 01:46:57.543] [main/ERROR] [net.minecraft.advancements.AdvancementTree/]: Couldn't load advancements: [dungeons_arise:find_thornborn_towers, dungeons_arise:find_fishing_hut]
[26May2026 01:46:57.544] [main/INFO] [net.minecraft.advancements.AdvancementTree/]: Loaded 11147 advancements
[26May2026 01:46:57.567] [main/WARN] [net.neoforged.neoforge.common.loot.LootModifierManager/]: Could not decode GlobalLootModifier with json id minersdelight:scavenging_cooked_bat_wing_knifeless - error: Unknown registry key in ResourceKey[minecraft:root / minecraft:item]: minersdelight:baked_bat_wing
[26May2026 01:46:57.571] [main/WARN] [net.neoforged.neoforge.common.loot.LootModifierManager/]: Could not decode GlobalLootModifier with json id minersdelight:breaking_infested_blocks - error: Failed to parse either. First: Unknown registry key in ResourceKey[minecraft:root / minecraft:loot_condition_type]: neoforge:can_tool_perform_action; Second: Not a json array: {"condition":"neoforge:can_tool_perform_action","action":"pickaxe_dig"}
[26May2026 01:46:57.590] [main/INFO] [Curios API/]: Loaded 15 curio slots
[26May2026 01:46:57.594] [main/INFO] [Curios API/]: Loaded 11 curio entities
[26May2026 01:46:57.603] [main/INFO] [Supplementaries/]: Loaded 29 flute songs
[26May2026 01:46:57.648] [main/INFO] [Dungeon Crawl/]: Loading data...
[26May2026 01:46:57.949] [main/INFO] [Dungeon Crawl/]: Done.
[26May2026 01:46:57.996] [main/INFO] [Moonlight/]: Applied 17 data villager trades
[26May2026 01:46:58.004] [main/INFO] [Moonlight/]: Failed to load custom color set definition {"id":"quark:rune","colors":{"default":"quark:blank_rune"},"replace":false}. Ignoring
[26May2026 01:46:58.005] [main/INFO] [Moonlight/]: Failed to load custom color set definition {"id":"quark:shard","colors":{"default":"quark:clear_shard"},"replace":false}. Ignoring
[26May2026 01:46:58.061] [main/WARN] [net.minecraft.core.MappedRegistry/]: Not all defined tags for registry ResourceKey[minecraft:root / minecraft:block] are present in data pack: cataclysm:needs_black_steel_tool, cataclysm:needs_monstrosity_tool
[26May2026 01:47:04.855] [main/INFO] [Supplementaries/]: Registering custom dispenser behaviors
[26May2026 01:47:05.024] [Server thread/INFO] [net.minecraft.server.dedicated.DedicatedServer/]: Starting minecraft server version 1.21.1
[26May2026 01:47:05.024] [Server thread/INFO] [net.minecraft.server.dedicated.DedicatedServer/]: Loading properties
[26May2026 01:47:05.025] [Server thread/INFO] [net.minecraft.server.dedicated.DedicatedServer/]: Default game type: SURVIVAL
[26May2026 01:47:05.025] [Server thread/INFO] [net.minecraft.server.MinecraftServer/]: Generating keypair
[26May2026 01:47:05.165] [Server thread/INFO] [net.minecraft.server.dedicated.DedicatedServer/]: Starting Minecraft server on *:25565
[26May2026 01:47:05.235] [Server thread/INFO] [dev.ryanhcode.sable.Sable/]: Adding UDP server channel future
[26May2026 01:47:05.289] [Netty Epoll Server IO #0/INFO] [dev.ryanhcode.sable.Sable/]: Server UDP channel active
[26May2026 01:47:05.290] [Server thread/INFO] [net.minecraft.server.network.ServerConnectionListener/]: Using epoll channel type
[26May2026 01:47:05.297] [Server thread/WARN] [net.minecraft.server.dedicated.DedicatedServer/]: **** SERVER IS RUNNING IN OFFLINE/INSECURE MODE!
[26May2026 01:47:05.297] [Server thread/WARN] [net.minecraft.server.dedicated.DedicatedServer/]: The server will make no attempt to authenticate usernames. Beware.
[26May2026 01:47:05.297] [Server thread/WARN] [net.minecraft.server.dedicated.DedicatedServer/]: While this makes the game possible to play without internet access, it also opens up the ability for hackers to connect with any username they choose.
[26May2026 01:47:05.298] [Server thread/WARN] [net.minecraft.server.dedicated.DedicatedServer/]: To change this, set "online-mode" to "true" in the server.properties file.
[26May2026 01:47:05.330] [Server thread/INFO] [Puzzles Lib/]: Dispatching loading event for config mutantmonsters-server.toml
[26May2026 01:47:05.361] [Server thread/INFO] [com.tom.createores.CreateOreExcavation/]: Loaded Create Ore Excavation config file createoreexcavation-server.toml
[26May2026 01:47:05.455] [Server thread/WARN] [net.neoforged.neoforge.server.ServerLifecycleHooks/]: Detected minecraft:ocelot that was registered with CREATURE mob category but was added under MONSTER mob category for biomesoplenty:rainforest biome! Mobs should be added to biomes under the same mob category that the mob was registered as to prevent mob cap spawning issues.
[26May2026 01:47:05.457] [Server thread/WARN] [net.neoforged.neoforge.server.ServerLifecycleHooks/]: Detected minecraft:ocelot that was registered with CREATURE mob category but was added under MONSTER mob category for biomesoplenty:rocky_rainforest biome! Mobs should be added to biomes under the same mob category that the mob was registered as to prevent mob cap spawning issues.
[26May2026 01:47:05.493] [Server thread/INFO] [Framework/]: Loading server configs...
[26May2026 01:47:05.963] [Server thread/INFO] [terrablender/]: Initialized TerraBlender biomes for level stem minecraft:overworld
[26May2026 01:47:05.964] [Server thread/INFO] [terrablender/]: Initialized TerraBlender biomes for level stem minecraft:the_nether
[26May2026 01:47:05.966] [Server thread/INFO] [terrablender/]: Initialized TerraBlender biomes for level stem aether:the_aether
[26May2026 01:47:05.968] [Server thread/INFO] [net.minecraft.server.dedicated.DedicatedServer/]: Preparing level "world"
[26May2026 01:47:06.169] [Server thread/INFO] [dev.ryanhcode.sable.Sable/]: Assigned physics scene ID 0 to minecraft:overworld
[26May2026 01:47:07.057] [Server thread/WARN] [net.montoyo.wd.utilities.Log/]: Could not create miniserv storage directory /wd_filehost
[26May2026 01:47:08.292] [Server thread/INFO] [dev.ryanhcode.sable.Sable/]: Assigned physics scene ID 1 to minecraft:the_nether
[26May2026 01:47:12.879] [Server thread/INFO] [dev.ryanhcode.sable.Sable/]: Assigned physics scene ID 2 to createteleporters:pocket_dimension
[26May2026 01:47:12.962] [Server thread/INFO] [dev.ryanhcode.sable.Sable/]: Assigned physics scene ID 3 to aether:the_aether
[26May2026 01:47:13.035] [Server thread/INFO] [dev.ryanhcode.sable.Sable/]: Assigned physics scene ID 4 to minecraft:the_end
[26May2026 01:47:13.116] [Server thread/INFO] [net.minecraft.server.MinecraftServer/]: Preparing start region for dimension minecraft:overworld
[26May2026 01:47:15.638] [Worker-Main-2/INFO] [net.minecraft.server.level.progress.LoggerChunkProgressListener/]: Preparing spawn area: 0%
[26May2026 01:47:15.639] [Worker-Main-2/INFO] [net.minecraft.server.level.progress.LoggerChunkProgressListener/]: Preparing spawn area: 0%
[26May2026 01:47:15.639] [Worker-Main-2/INFO] [net.minecraft.server.level.progress.LoggerChunkProgressListener/]: Preparing spawn area: 0%
[26May2026 01:47:15.640] [Worker-Main-2/INFO] [net.minecraft.server.level.progress.LoggerChunkProgressListener/]: Preparing spawn area: 0%
[26May2026 01:47:15.640] [Worker-Main-2/INFO] [net.minecraft.server.level.progress.LoggerChunkProgressListener/]: Preparing spawn area: 0%
[26May2026 01:47:15.641] [Worker-Main-2/INFO] [net.minecraft.server.level.progress.LoggerChunkProgressListener/]: Preparing spawn area: 0%
[26May2026 01:47:15.877] [Server thread/INFO] [net.minecraft.server.level.progress.LoggerChunkProgressListener/]: Time elapsed: 2761 ms
[26May2026 01:47:15.878] [Server thread/INFO] [net.minecraft.server.dedicated.DedicatedServer/]: Done (10.561s)! For help, type "help"
[26May2026 01:47:16.106] [Server thread/INFO] [net.neoforged.neoforge.server.permission.PermissionAPI/]: Successfully initialized permission handler neoforge:default_handler
[26May2026 01:47:16.137] [Server thread/INFO] [net.lpcamors.optical.CreateOptical/]: Reloading focusing recipes
[26May2026 01:47:16.253] [Server thread/INFO] [dev.ryanhcode.sable.Sable/]: Assigned physics scene ID 5 to minecraft:server_faucet_test_level
[26May2026 01:47:16.770] [Server thread/INFO] [dev.ryanhcode.sable.Sable/]: Assigned physics scene ID 6 to minecraft:server_projectile_test_level
[26May2026 01:47:21.131] [Server thread/INFO] [atomicstryker.infernalmobs.common.InfernalMobsCore/]: item config parser identified itemstack 1 minecraft:iron_shovel
[26May2026 01:47:21.135] [Server thread/INFO] [atomicstryker.infernalmobs.common.InfernalMobsCore/]: item config parser identified itemstack 1 minecraft:iron_pickaxe
[26May2026 01:47:21.135] [Server thread/INFO] [atomicstryker.infernalmobs.common.InfernalMobsCore/]: item config parser identified itemstack 1 minecraft:iron_axe
[26May2026 01:47:21.136] [Server thread/INFO] [atomicstryker.infernalmobs.common.InfernalMobsCore/]: item config parser identified itemstack 1 minecraft:iron_sword
[26May2026 01:47:21.136] [Server thread/INFO] [atomicstryker.infernalmobs.common.InfernalMobsCore/]: item config parser identified itemstack 1 minecraft:iron_hoe
[26May2026 01:47:21.136] [Server thread/INFO] [atomicstryker.infernalmobs.common.InfernalMobsCore/]: item config parser identified itemstack 1 minecraft:chainmail_helmet
[26May2026 01:47:21.136] [Server thread/INFO] [atomicstryker.infernalmobs.common.InfernalMobsCore/]: item config parser identified itemstack 1 minecraft:chainmail_boots
[26May2026 01:47:21.137] [Server thread/INFO] [atomicstryker.infernalmobs.common.InfernalMobsCore/]: item config parser identified itemstack 1 minecraft:chainmail_chestplate
[26May2026 01:47:21.139] [Server thread/INFO] [atomicstryker.infernalmobs.common.InfernalMobsCore/]: item config parser identified itemstack 1 minecraft:chainmail_leggings
[26May2026 01:47:21.140] [Server thread/INFO] [atomicstryker.infernalmobs.common.InfernalMobsCore/]: item config parser identified itemstack 1 minecraft:iron_helmet
[26May2026 01:47:21.140] [Server thread/INFO] [atomicstryker.infernalmobs.common.InfernalMobsCore/]: item config parser identified itemstack 1 minecraft:iron_boots
[26May2026 01:47:21.140] [Server thread/INFO] [atomicstryker.infernalmobs.common.InfernalMobsCore/]: item config parser identified itemstack 1 minecraft:iron_chestplate
[26May2026 01:47:21.141] [Server thread/INFO] [atomicstryker.infernalmobs.common.InfernalMobsCore/]: item config parser identified itemstack 1 minecraft:iron_leggings
[26May2026 01:47:21.141] [Server thread/INFO] [atomicstryker.infernalmobs.common.InfernalMobsCore/]: item config parser identified itemstack 5 minecraft:cookie
[26May2026 01:47:21.144] [Server thread/INFO] [atomicstryker.infernalmobs.common.InfernalMobsCore/]: item config parser finished, item count: 14
[26May2026 01:47:21.144] [Server thread/INFO] [atomicstryker.infernalmobs.common.InfernalMobsCore/]: item config parser identified itemstack 1 minecraft:iron_hoe
[26May2026 01:47:21.144] [Server thread/INFO] [atomicstryker.infernalmobs.common.InfernalMobsCore/]: item config parser identified itemstack 1 minecraft:bow
[26May2026 01:47:21.145] [Server thread/INFO] [atomicstryker.infernalmobs.common.InfernalMobsCore/]: item config parser identified itemstack 1 minecraft:chainmail_helmet
[26May2026 01:47:21.145] [Server thread/INFO] [atomicstryker.infernalmobs.common.InfernalMobsCore/]: item config parser identified itemstack 1 minecraft:chainmail_boots
[26May2026 01:47:21.145] [Server thread/INFO] [atomicstryker.infernalmobs.common.InfernalMobsCore/]: item config parser identified itemstack 1 minecraft:chainmail_chestplate
[26May2026 01:47:21.148] [Server thread/INFO] [atomicstryker.infernalmobs.common.InfernalMobsCore/]: item config parser identified itemstack 1 minecraft:chainmail_leggings
[26May2026 01:47:21.149] [Server thread/INFO] [atomicstryker.infernalmobs.common.InfernalMobsCore/]: item config parser identified itemstack 1 minecraft:iron_helmet
[26May2026 01:47:21.149] [Server thread/INFO] [atomicstryker.infernalmobs.common.InfernalMobsCore/]: item config parser identified itemstack 1 minecraft:iron_boots
[26May2026 01:47:21.151] [Server thread/INFO] [atomicstryker.infernalmobs.common.InfernalMobsCore/]: item config parser identified itemstack 1 minecraft:iron_chestplate
[26May2026 01:47:21.151] [Server thread/INFO] [atomicstryker.infernalmobs.common.InfernalMobsCore/]: item config parser identified itemstack 1 minecraft:iron_leggings
[26May2026 01:47:21.152] [Server thread/INFO] [atomicstryker.infernalmobs.common.InfernalMobsCore/]: item config parser identified itemstack 1 minecraft:golden_helmet
[26May2026 01:47:21.152] [Server thread/INFO] [atomicstryker.infernalmobs.common.InfernalMobsCore/]: item config parser identified itemstack 1 minecraft:golden_boots
[26May2026 01:47:21.152] [Server thread/INFO] [atomicstryker.infernalmobs.common.InfernalMobsCore/]: item config parser identified itemstack 1 minecraft:golden_chestplate
[26May2026 01:47:21.153] [Server thread/INFO] [atomicstryker.infernalmobs.common.InfernalMobsCore/]: item config parser identified itemstack 1 minecraft:golden_leggings
[26May2026 01:47:21.153] [Server thread/INFO] [atomicstryker.infernalmobs.common.InfernalMobsCore/]: item config parser identified itemstack 3 minecraft:golden_apple
[26May2026 01:47:21.155] [Server thread/INFO] [atomicstryker.infernalmobs.common.InfernalMobsCore/]: item config parser identified itemstack 5 minecraft:blaze_powder
[26May2026 01:47:21.155] [Server thread/INFO] [atomicstryker.infernalmobs.common.InfernalMobsCore/]: item config parser identified itemstack 1 minecraft:enchanted_book
[26May2026 01:47:21.156] [Server thread/INFO] [atomicstryker.infernalmobs.common.InfernalMobsCore/]: item config parser finished, item count: 17
[26May2026 01:47:21.156] [Server thread/INFO] [atomicstryker.infernalmobs.common.InfernalMobsCore/]: item config parser identified itemstack 1 minecraft:enchanted_book
[26May2026 01:47:21.156] [Server thread/INFO] [atomicstryker.infernalmobs.common.InfernalMobsCore/]: item config parser identified itemstack 3 minecraft:diamond
[26May2026 01:47:21.157] [Server thread/INFO] [atomicstryker.infernalmobs.common.InfernalMobsCore/]: item config parser identified itemstack 1 minecraft:diamond_sword
[26May2026 01:47:21.160] [Server thread/INFO] [atomicstryker.infernalmobs.common.InfernalMobsCore/]: item config parser identified itemstack 1 minecraft:diamond_axe
[26May2026 01:47:21.160] [Server thread/INFO] [atomicstryker.infernalmobs.common.InfernalMobsCore/]: item config parser identified itemstack 1 minecraft:diamond_hoe
[26May2026 01:47:21.160] [Server thread/INFO] [atomicstryker.infernalmobs.common.InfernalMobsCore/]: item config parser identified itemstack 1 minecraft:diamond_pickaxe
[26May2026 01:47:21.161] [Server thread/INFO] [atomicstryker.infernalmobs.common.InfernalMobsCore/]: item config parser identified itemstack 1 minecraft:diamond_shovel
[26May2026 01:47:21.161] [Server thread/INFO] [atomicstryker.infernalmobs.common.InfernalMobsCore/]: item config parser identified itemstack 1 minecraft:chainmail_helmet
[26May2026 01:47:21.161] [Server thread/INFO] [atomicstryker.infernalmobs.common.InfernalMobsCore/]: item config parser identified itemstack 1 minecraft:chainmail_boots
[26May2026 01:47:21.161] [Server thread/INFO] [atomicstryker.infernalmobs.common.InfernalMobsCore/]: item config parser identified itemstack 1 minecraft:chainmail_chestplate
[26May2026 01:47:21.162] [Server thread/INFO] [atomicstryker.infernalmobs.common.InfernalMobsCore/]: item config parser identified itemstack 1 minecraft:chainmail_leggings
[26May2026 01:47:21.162] [Server thread/INFO] [atomicstryker.infernalmobs.common.InfernalMobsCore/]: item config parser identified itemstack 1 minecraft:diamond_helmet
[26May2026 01:47:21.163] [Server thread/INFO] [atomicstryker.infernalmobs.common.InfernalMobsCore/]: item config parser identified itemstack 1 minecraft:diamond_boots
[26May2026 01:47:21.165] [Server thread/INFO] [atomicstryker.infernalmobs.common.InfernalMobsCore/]: item config parser identified itemstack 1 minecraft:diamond_chestplate
[26May2026 01:47:21.165] [Server thread/INFO] [atomicstryker.infernalmobs.common.InfernalMobsCore/]: item config parser identified itemstack 1 minecraft:diamond_leggings
[26May2026 01:47:21.166] [Server thread/INFO] [atomicstryker.infernalmobs.common.InfernalMobsCore/]: item config parser identified itemstack 3 minecraft:ender_pearl
[26May2026 01:47:21.166] [Server thread/INFO] [atomicstryker.infernalmobs.common.InfernalMobsCore/]: item config parser finished, item count: 16
[26May2026 01:47:21.167] [Server thread/INFO] [atomicstryker.infernalmobs.common.InfernalMobsCore/]: InfernalMobsCore commonSetup completed! Modifiers ready: 28
[26May2026 01:47:21.171] [Server thread/INFO] [atomicstryker.infernalmobs.common.InfernalMobsCore/]: InfernalMobsCore commonSetup completed! config file at: /workspaces/server-refluido-/servidor_minecraft/config/infernalmobs.cfg
[26May2026 01:47:21.171] [Server thread/INFO] [com.finderfeed.fdlib.FDLib/]: Loading FD configs...
[26May2026 01:47:21.171] [Server thread/INFO] [com.finderfeed.fdlib.FDLib/]: Loading config fdlib:test
[26May2026 01:47:21.173] [Server thread/INFO] [com.finderfeed.fdlib.FDLib/]: Loading config fdlib:fdlib_client
[26May2026 01:47:21.173] [Server thread/INFO] [com.finderfeed.fdlib.FDLib/]: Loaded FD configs.
[26May2026 01:52:21.139] [Server thread/INFO] [dev.ryanhcode.sable.Sable/]: Saving sub-levels for level 'ServerLevel[world]'/minecraft:overworld
[26May2026 01:52:21.161] [Server thread/WARN] [net.montoyo.wd.utilities.Log/]: Could not save last minePad ID (0) to /wd_next.txt. I'm afraid this might break all minePads.
java.io.FileNotFoundException: /wd_next.txt (Permission denied)
	at java.base/java.io.FileOutputStream.open0(Native Method) ~[?:?]
	at java.base/java.io.FileOutputStream.open(FileOutputStream.java:289) ~[?:?]
	at java.base/java.io.FileOutputStream.<init>(FileOutputStream.java:230) ~[?:?]
	at java.base/java.io.FileOutputStream.<init>(FileOutputStream.java:179) ~[?:?]
	at java.base/java.io.FileWriter.<init>(FileWriter.java:98) ~[?:?]
	at TRANSFORMER/webdisplays@2.0.0/net.montoyo.wd.WebDisplays.onWorldSave(WebDisplays.java:242) ~[WebDisplays-REMASTER-2.0.0.jar%23352!/:2.0.0]
	at MC-BOOTSTRAP/net.neoforged.bus/net.neoforged.bus.EventBus.post(EventBus.java:360) ~[bus-8.0.5.jar%2360!/:?]
	at MC-BOOTSTRAP/net.neoforged.bus/net.neoforged.bus.EventBus.post(EventBus.java:328) ~[bus-8.0.5.jar%2360!/:?]
	at TRANSFORMER/minecraft@1.21.1/net.minecraft.server.level.ServerLevel.save(ServerLevel.java:825) ~[server-1.21.1-20240808.144430-srg.jar%23233!/:?]
	at TRANSFORMER/minecraft@1.21.1/net.minecraft.server.MinecraftServer.saveAllChunks(MinecraftServer.java:551) ~[server-1.21.1-20240808.144430-srg.jar%23233!/:?]
	at TRANSFORMER/minecraft@1.21.1/net.minecraft.server.MinecraftServer.saveEverything(MinecraftServer.java:576) ~[server-1.21.1-20240808.144430-srg.jar%23233!/:?]
	at TRANSFORMER/minecraft@1.21.1/net.minecraft.server.MinecraftServer.tickServer(MinecraftServer.java:929) ~[server-1.21.1-20240808.144430-srg.jar%23233!/:?]
	at TRANSFORMER/minecraft@1.21.1/net.minecraft.server.MinecraftServer.runServer(MinecraftServer.java:707) ~[server-1.21.1-20240808.144430-srg.jar%23233!/:?]
	at TRANSFORMER/minecraft@1.21.1/net.minecraft.server.MinecraftServer.lambda$spin$2(MinecraftServer.java:267) ~[server-1.21.1-20240808.144430-srg.jar%23233!/:?]
	at java.base/java.lang.Thread.run(Thread.java:1583) [?:?]
[26May2026 01:52:21.163] [Server thread/INFO] [dev.ryanhcode.sable.Sable/]: Saving sub-levels for level 'ServerLevel[world]'/minecraft:the_nether
[26May2026 01:52:21.163] [Server thread/INFO] [dev.ryanhcode.sable.Sable/]: Saving sub-levels for level 'ServerLevel[world]'/createteleporters:pocket_dimension
[26May2026 01:52:21.164] [Server thread/INFO] [dev.ryanhcode.sable.Sable/]: Saving sub-levels for level 'ServerLevel[world]'/aether:the_aether
[26May2026 01:52:21.164] [Server thread/INFO] [dev.ryanhcode.sable.Sable/]: Saving sub-levels for level 'ServerLevel[world]'/minecraft:the_end
[26May2026 01:53:25.728] [Server thread/INFO] [net.minecraft.server.players.PlayerList/]: Karma54[/10.215.22.231:61357] logged in with entity id 652 at (637.8354749689552, 92.0, 849.8192078655487)
[26May2026 01:53:25.729] [Server thread/INFO] [dev.ryanhcode.sable.Sable/]: Beginning attempted authentication with player Karma54
[26May2026 01:53:25.808] [Server thread/INFO] [net.minecraft.server.MinecraftServer/]: Karma54 joined the game
[26May2026 01:53:26.098] [Server thread/INFO] [artifacts.Artifacts/]: Sending item configs to client
[26May2026 01:53:27.435] [Netty Epoll Server IO #0/INFO] [dev.ryanhcode.sable.Sable/]: UDP authentication complete with /10.215.22.231:61357, UDP routing to /10.215.22.231:59821
[26May2026 01:53:27.852] [Server thread/INFO] [net.tysontheember.emberstextapi.welcome.PlayerJoinEventHandler/]: EmbersTextAPI info message sent to player: Karma54
[26May2026 01:53:27.852] [Server thread/WARN] [net.minecraft.server.MinecraftServer/]: Can't keep up! Is the server overloaded? Running 2564ms or 51 ticks behind
[26May2026 01:53:34.121] [MiniServServer/INFO] [net.montoyo.wd.utilities.Log/]: Client with UUID fadab95a-c4d9-35dc-b53c-4ca5e4eeb36e authenticated successfully
[26May2026 01:53:34.122] [MiniServServer/WARN] [net.montoyo.wd.utilities.Log/]: Could not create storage directory for user fadab95a-c4d9-35dc-b53c-4ca5e4eeb36e, things may go wrong...
[26May2026 01:56:17.281] [Server thread/INFO] [net.minecraft.server.players.PlayerList/]: ElFenix09[/10.215.22.169:58178] logged in with entity id 1217 at (653.7450713348974, 96.5625, 829.0943068469284)
[26May2026 01:56:17.285] [Server thread/INFO] [dev.ryanhcode.sable.Sable/]: Beginning attempted authentication with player ElFenix09
[26May2026 01:56:17.347] [Server thread/INFO] [net.minecraft.server.MinecraftServer/]: ElFenix09 joined the game
[26May2026 01:56:17.445] [Server thread/INFO] [artifacts.Artifacts/]: Sending item configs to client
[26May2026 01:56:19.736] [Netty Epoll Server IO #0/INFO] [dev.ryanhcode.sable.Sable/]: UDP authentication complete with /10.215.22.169:58178, UDP routing to /10.215.22.169:53714
[26May2026 01:56:25.264] [ForkJoinPool.commonPool-worker-6/WARN] [SkinRestorer/]: Failed to fetch skin 'mojang:GOAT-10'
java.lang.IllegalStateException: not found
	at TRANSFORMER/skinrestorer@2.7.0+1.21-neoforge/net.lionarius.skinrestorer.util.WebUtils.throwOnClientErrors(WebUtils.java:104) ~[?:?]
	at TRANSFORMER/skinrestorer@2.7.0+1.21-neoforge/net.lionarius.skinrestorer.skin.provider.base.YggdrasilSkinProvider.getProfile(YggdrasilSkinProvider.java:52) ~[?:?]
	at TRANSFORMER/skinrestorer@2.7.0+1.21-neoforge/net.lionarius.skinrestorer.skin.provider.builtin.MojangSkinProvider.lambda$new$0(MojangSkinProvider.java:44) ~[?:?]
	at TRANSFORMER/minecraft@1.21.1/net.minecraft.server.players.GameProfileCache.lookupGameProfile(GameProfileCache.java:95) ~[?:?]
	at TRANSFORMER/minecraft@1.21.1/net.minecraft.server.players.GameProfileCache.get(GameProfileCache.java:150) ~[?:?]
	at TRANSFORMER/skinrestorer@2.7.0+1.21-neoforge/net.lionarius.skinrestorer.skin.provider.builtin.MojangSkinProvider.resolveUuid(MojangSkinProvider.java:75) ~[?:?]
	at TRANSFORMER/skinrestorer@2.7.0+1.21-neoforge/net.lionarius.skinrestorer.skin.provider.base.ProfileSkinProvider.getCacheKey(ProfileSkinProvider.java:63) ~[?:?]
	at TRANSFORMER/skinrestorer@2.7.0+1.21-neoforge/net.lionarius.skinrestorer.skin.provider.base.ProfileSkinProvider.getCacheKey(ProfileSkinProvider.java:19) ~[?:?]
	at TRANSFORMER/skinrestorer@2.7.0+1.21-neoforge/net.lionarius.skinrestorer.skin.provider.base.AbstractSkinProvider.fetchSkin(AbstractSkinProvider.java:49) ~[?:?]
	at TRANSFORMER/minecraft@1.21.1/net.minecraft.server.network.ServerLoginPacketListenerImpl.md283bdb$skinrestorer$lambda$skinrestorer$fetchSkin$1$1(ServerLoginPacketListenerImpl.java:598) ~[?:?]
	at java.base/java.util.Optional.map(Optional.java:260) ~[?:?]
	at TRANSFORMER/minecraft@1.21.1/net.minecraft.server.network.ServerLoginPacketListenerImpl.skinrestorer$fetchSkin(ServerLoginPacketListenerImpl.java:598) ~[?:?]
	at TRANSFORMER/minecraft@1.21.1/net.minecraft.server.network.ServerLoginPacketListenerImpl.md283bdb$skinrestorer$lambda$waitForSkin$0$2(ServerLoginPacketListenerImpl.java:582) ~[?:?]
	at java.base/java.util.concurrent.CompletableFuture$AsyncSupply.run(CompletableFuture.java:1768) [?:?]
	at java.base/java.util.concurrent.CompletableFuture$AsyncSupply.exec(CompletableFuture.java:1760) [?:?]
	at java.base/java.util.concurrent.ForkJoinTask.doExec(ForkJoinTask.java:387) [?:?]
	at java.base/java.util.concurrent.ForkJoinPool$WorkQueue.topLevelExec(ForkJoinPool.java:1312) [?:?]
	at java.base/java.util.concurrent.ForkJoinPool.scan(ForkJoinPool.java:1843) [?:?]
	at java.base/java.util.concurrent.ForkJoinPool.runWorker(ForkJoinPool.java:1808) [?:?]
	at java.base/java.util.concurrent.ForkJoinWorkerThread.run(ForkJoinWorkerThread.java:188) [?:?]
[26May2026 01:56:29.164] [MiniServServer/INFO] [net.montoyo.wd.utilities.Log/]: Client with UUID 5020cf2c-2544-3ff7-8f11-fae2ea6a0f67 authenticated successfully
[26May2026 01:56:29.164] [MiniServServer/WARN] [net.montoyo.wd.utilities.Log/]: Could not create storage directory for user 5020cf2c-2544-3ff7-8f11-fae2ea6a0f67, things may go wrong...
[26May2026 01:56:37.051] [Server thread/INFO] [net.minecraft.server.players.PlayerList/]: GOAT-10[/10.215.22.218:54310] logged in with entity id 1306 at (569.5, 132.0, 843.5)
[26May2026 01:56:37.052] [Server thread/INFO] [dev.ryanhcode.sable.Sable/]: Beginning attempted authentication with player GOAT-10
[26May2026 01:56:37.059] [Server thread/INFO] [net.minecraft.server.MinecraftServer/]: GOAT-10 joined the game
[26May2026 01:56:37.147] [Server thread/INFO] [artifacts.Artifacts/]: Sending item configs to client
[26May2026 01:56:38.218] [Server thread/INFO] [net.tysontheember.emberstextapi.welcome.PlayerJoinEventHandler/]: EmbersTextAPI info message sent to player: GOAT-10
[26May2026 01:56:40.142] [Netty Epoll Server IO #0/INFO] [dev.ryanhcode.sable.Sable/]: UDP authentication complete with /10.215.22.218:54310, UDP routing to /10.215.22.218:60044
[26May2026 01:56:50.992] [MiniServServer/INFO] [net.montoyo.wd.utilities.Log/]: Client with UUID 6eeb5c32-6bf0-36ad-b33b-b688a36774b0 authenticated successfully
[26May2026 01:56:50.992] [MiniServServer/WARN] [net.montoyo.wd.utilities.Log/]: Could not create storage directory for user 6eeb5c32-6bf0-36ad-b33b-b688a36774b0, things may go wrong...
[26May2026 01:57:25.899] [Server thread/INFO] [dev.ryanhcode.sable.Sable/]: Saving sub-levels for level 'ServerLevel[world]'/minecraft:overworld
[26May2026 01:57:26.611] [Server thread/WARN] [net.montoyo.wd.utilities.Log/]: Could not save last minePad ID (0) to /wd_next.txt. I'm afraid this might break all minePads.
java.io.FileNotFoundException: /wd_next.txt (Permission denied)
	at java.base/java.io.FileOutputStream.open0(Native Method) ~[?:?]
	at java.base/java.io.FileOutputStream.open(FileOutputStream.java:289) ~[?:?]
	at java.base/java.io.FileOutputStream.<init>(FileOutputStream.java:230) ~[?:?]
	at java.base/java.io.FileOutputStream.<init>(FileOutputStream.java:179) ~[?:?]
	at java.base/java.io.FileWriter.<init>(FileWriter.java:98) ~[?:?]
	at TRANSFORMER/webdisplays@2.0.0/net.montoyo.wd.WebDisplays.onWorldSave(WebDisplays.java:242) ~[WebDisplays-REMASTER-2.0.0.jar%23352!/:2.0.0]
	at MC-BOOTSTRAP/net.neoforged.bus/net.neoforged.bus.EventBus.post(EventBus.java:360) ~[bus-8.0.5.jar%2360!/:?]
	at MC-BOOTSTRAP/net.neoforged.bus/net.neoforged.bus.EventBus.post(EventBus.java:328) ~[bus-8.0.5.jar%2360!/:?]
	at TRANSFORMER/minecraft@1.21.1/net.minecraft.server.level.ServerLevel.save(ServerLevel.java:825) ~[server-1.21.1-20240808.144430-srg.jar%23233!/:?]
	at TRANSFORMER/minecraft@1.21.1/net.minecraft.server.MinecraftServer.saveAllChunks(MinecraftServer.java:551) ~[server-1.21.1-20240808.144430-srg.jar%23233!/:?]
	at TRANSFORMER/minecraft@1.21.1/net.minecraft.server.MinecraftServer.saveEverything(MinecraftServer.java:576) ~[server-1.21.1-20240808.144430-srg.jar%23233!/:?]
	at TRANSFORMER/minecraft@1.21.1/net.minecraft.server.MinecraftServer.tickServer(MinecraftServer.java:929) ~[server-1.21.1-20240808.144430-srg.jar%23233!/:?]
	at TRANSFORMER/minecraft@1.21.1/net.minecraft.server.MinecraftServer.runServer(MinecraftServer.java:707) ~[server-1.21.1-20240808.144430-srg.jar%23233!/:?]
	at TRANSFORMER/minecraft@1.21.1/net.minecraft.server.MinecraftServer.lambda$spin$2(MinecraftServer.java:267) ~[server-1.21.1-20240808.144430-srg.jar%23233!/:?]
	at java.base/java.lang.Thread.run(Thread.java:1583) [?:?]
[26May2026 01:57:26.613] [Server thread/INFO] [dev.ryanhcode.sable.Sable/]: Saving sub-levels for level 'ServerLevel[world]'/minecraft:the_nether
[26May2026 01:57:26.613] [Server thread/INFO] [dev.ryanhcode.sable.Sable/]: Saving sub-levels for level 'ServerLevel[world]'/createteleporters:pocket_dimension
[26May2026 01:57:26.613] [Server thread/INFO] [dev.ryanhcode.sable.Sable/]: Saving sub-levels for level 'ServerLevel[world]'/aether:the_aether
[26May2026 01:57:26.613] [Server thread/INFO] [dev.ryanhcode.sable.Sable/]: Saving sub-levels for level 'ServerLevel[world]'/minecraft:the_end
[26May2026 01:57:26.707] [Server thread/WARN] [net.minecraft.server.MinecraftServer/]: Can't keep up! Is the server overloaded? Running 2969ms or 59 ticks behind
[26May2026 02:02:27.541] [Server thread/INFO] [dev.ryanhcode.sable.Sable/]: Saving sub-levels for level 'ServerLevel[world]'/minecraft:overworld
[26May2026 02:02:27.678] [Server thread/WARN] [net.montoyo.wd.utilities.Log/]: Could not save last minePad ID (0) to /wd_next.txt. I'm afraid this might break all minePads.
java.io.FileNotFoundException: /wd_next.txt (Permission denied)
	at java.base/java.io.FileOutputStream.open0(Native Method) ~[?:?]
	at java.base/java.io.FileOutputStream.open(FileOutputStream.java:289) ~[?:?]
	at java.base/java.io.FileOutputStream.<init>(FileOutputStream.java:230) ~[?:?]
	at java.base/java.io.FileOutputStream.<init>(FileOutputStream.java:179) ~[?:?]
	at java.base/java.io.FileWriter.<init>(FileWriter.java:98) ~[?:?]
	at TRANSFORMER/webdisplays@2.0.0/net.montoyo.wd.WebDisplays.onWorldSave(WebDisplays.java:242) ~[WebDisplays-REMASTER-2.0.0.jar%23352!/:2.0.0]
	at MC-BOOTSTRAP/net.neoforged.bus/net.neoforged.bus.EventBus.post(EventBus.java:360) ~[bus-8.0.5.jar%2360!/:?]
	at MC-BOOTSTRAP/net.neoforged.bus/net.neoforged.bus.EventBus.post(EventBus.java:328) ~[bus-8.0.5.jar%2360!/:?]
	at TRANSFORMER/minecraft@1.21.1/net.minecraft.server.level.ServerLevel.save(ServerLevel.java:825) ~[server-1.21.1-20240808.144430-srg.jar%23233!/:?]
	at TRANSFORMER/minecraft@1.21.1/net.minecraft.server.MinecraftServer.saveAllChunks(MinecraftServer.java:551) ~[server-1.21.1-20240808.144430-srg.jar%23233!/:?]
	at TRANSFORMER/minecraft@1.21.1/net.minecraft.server.MinecraftServer.saveEverything(MinecraftServer.java:576) ~[server-1.21.1-20240808.144430-srg.jar%23233!/:?]
	at TRANSFORMER/minecraft@1.21.1/net.minecraft.server.MinecraftServer.tickServer(MinecraftServer.java:929) ~[server-1.21.1-20240808.144430-srg.jar%23233!/:?]
	at TRANSFORMER/minecraft@1.21.1/net.minecraft.server.MinecraftServer.runServer(MinecraftServer.java:707) ~[server-1.21.1-20240808.144430-srg.jar%23233!/:?]
	at TRANSFORMER/minecraft@1.21.1/net.minecraft.server.MinecraftServer.lambda$spin$2(MinecraftServer.java:267) ~[server-1.21.1-20240808.144430-srg.jar%23233!/:?]
	at java.base/java.lang.Thread.run(Thread.java:1583) [?:?]
[26May2026 02:02:27.682] [Server thread/INFO] [dev.ryanhcode.sable.Sable/]: Saving sub-levels for level 'ServerLevel[world]'/minecraft:the_nether
[26May2026 02:02:27.684] [Server thread/INFO] [dev.ryanhcode.sable.Sable/]: Saving sub-levels for level 'ServerLevel[world]'/createteleporters:pocket_dimension
[26May2026 02:02:27.686] [Server thread/INFO] [dev.ryanhcode.sable.Sable/]: Saving sub-levels for level 'ServerLevel[world]'/aether:the_aether
[26May2026 02:02:27.686] [Server thread/INFO] [dev.ryanhcode.sable.Sable/]: Saving sub-levels for level 'ServerLevel[world]'/minecraft:the_end
[26May2026 02:03:47.837] [Server thread/WARN] [net.minecraft.server.network.ServerGamePacketListenerImpl/]: GOAT-10 moved too quickly! -9.448092626179914,3.4554677395850177,1.2860600536791935
[26May2026 02:04:10.842] [MiniServServer/WARN] [net.montoyo.wd.utilities.Log/]: Could not read data from client
java.net.SocketException: Connection reset
	at java.base/sun.nio.ch.SocketChannelImpl.throwConnectionReset(SocketChannelImpl.java:401) ~[?:?]
	at java.base/sun.nio.ch.SocketChannelImpl.read(SocketChannelImpl.java:434) ~[?:?]
	at TRANSFORMER/webdisplays@2.0.0/net.montoyo.wd.miniserv.server.Server.loopUnsafe(Server.java:176) ~[WebDisplays-REMASTER-2.0.0.jar%23352!/:2.0.0]
	at TRANSFORMER/webdisplays@2.0.0/net.montoyo.wd.miniserv.server.Server.run(Server.java:117) ~[WebDisplays-REMASTER-2.0.0.jar%23352!/:2.0.0]
	at java.base/java.lang.Thread.run(Thread.java:1583) [?:?]
[26May2026 02:04:27.313] [Server thread/INFO] [net.minecraft.server.network.ServerGamePacketListenerImpl/]: GOAT-10 lost connection: Disconnected
[26May2026 02:04:27.341] [Server thread/INFO] [net.minecraft.server.MinecraftServer/]: GOAT-10 left the game
[26May2026 02:04:36.457] [ForkJoinPool.commonPool-worker-8/WARN] [SkinRestorer/]: Failed to fetch skin 'mojang:GOAT-10'
java.lang.IllegalStateException: not found
	at TRANSFORMER/skinrestorer@2.7.0+1.21-neoforge/net.lionarius.skinrestorer.util.WebUtils.throwOnClientErrors(WebUtils.java:104) ~[?:?]
	at TRANSFORMER/skinrestorer@2.7.0+1.21-neoforge/net.lionarius.skinrestorer.skin.provider.base.YggdrasilSkinProvider.getProfile(YggdrasilSkinProvider.java:52) ~[?:?]
	at TRANSFORMER/skinrestorer@2.7.0+1.21-neoforge/net.lionarius.skinrestorer.skin.provider.builtin.MojangSkinProvider.lambda$new$0(MojangSkinProvider.java:44) ~[?:?]
	at TRANSFORMER/minecraft@1.21.1/net.minecraft.server.players.GameProfileCache.lookupGameProfile(GameProfileCache.java:95) ~[?:?]
	at TRANSFORMER/minecraft@1.21.1/net.minecraft.server.players.GameProfileCache.get(GameProfileCache.java:150) ~[?:?]
	at TRANSFORMER/skinrestorer@2.7.0+1.21-neoforge/net.lionarius.skinrestorer.skin.provider.builtin.MojangSkinProvider.resolveUuid(MojangSkinProvider.java:75) ~[?:?]
	at TRANSFORMER/skinrestorer@2.7.0+1.21-neoforge/net.lionarius.skinrestorer.skin.provider.base.ProfileSkinProvider.getCacheKey(ProfileSkinProvider.java:63) ~[?:?]
	at TRANSFORMER/skinrestorer@2.7.0+1.21-neoforge/net.lionarius.skinrestorer.skin.provider.base.ProfileSkinProvider.getCacheKey(ProfileSkinProvider.java:19) ~[?:?]
	at TRANSFORMER/skinrestorer@2.7.0+1.21-neoforge/net.lionarius.skinrestorer.skin.provider.base.AbstractSkinProvider.fetchSkin(AbstractSkinProvider.java:49) ~[?:?]
	at TRANSFORMER/minecraft@1.21.1/net.minecraft.server.network.ServerLoginPacketListenerImpl.md283bdb$skinrestorer$lambda$skinrestorer$fetchSkin$1$1(ServerLoginPacketListenerImpl.java:598) ~[?:?]
	at java.base/java.util.Optional.map(Optional.java:260) ~[?:?]
	at TRANSFORMER/minecraft@1.21.1/net.minecraft.server.network.ServerLoginPacketListenerImpl.skinrestorer$fetchSkin(ServerLoginPacketListenerImpl.java:598) ~[?:?]
	at TRANSFORMER/minecraft@1.21.1/net.minecraft.server.network.ServerLoginPacketListenerImpl.md283bdb$skinrestorer$lambda$waitForSkin$0$2(ServerLoginPacketListenerImpl.java:582) ~[?:?]
	at java.base/java.util.concurrent.CompletableFuture$AsyncSupply.run(CompletableFuture.java:1768) [?:?]
	at java.base/java.util.concurrent.CompletableFuture$AsyncSupply.exec(CompletableFuture.java:1760) [?:?]
	at java.base/java.util.concurrent.ForkJoinTask.doExec(ForkJoinTask.java:387) [?:?]
	at java.base/java.util.concurrent.ForkJoinPool$WorkQueue.topLevelExec(ForkJoinPool.java:1312) [?:?]
	at java.base/java.util.concurrent.ForkJoinPool.scan(ForkJoinPool.java:1843) [?:?]
	at java.base/java.util.concurrent.ForkJoinPool.runWorker(ForkJoinPool.java:1808) [?:?]
	at java.base/java.util.concurrent.ForkJoinWorkerThread.run(ForkJoinWorkerThread.java:188) [?:?]
[26May2026 02:04:44.729] [Server thread/INFO] [net.minecraft.server.players.PlayerList/]: hawk_24[/10.215.22.18:56179] logged in with entity id 3284 at (572.3000000119209, 64.0, 956.6999999880791)
[26May2026 02:04:44.736] [Server thread/INFO] [dev.ryanhcode.sable.Sable/]: Beginning attempted authentication with player hawk_24
[26May2026 02:04:44.762] [Server thread/INFO] [net.minecraft.server.MinecraftServer/]: hawk_24 joined the game
[26May2026 02:04:44.853] [Server thread/INFO] [artifacts.Artifacts/]: Sending item configs to client
[26May2026 02:04:45.548] [Server thread/INFO] [net.minecraft.server.players.PlayerList/]: GOAT-10[/10.215.22.218:50123] logged in with entity id 3286 at (550.9081614162192, 71.24918707874468, 972.4052826264387)
[26May2026 02:04:45.548] [Server thread/INFO] [dev.ryanhcode.sable.Sable/]: Beginning attempted authentication with player GOAT-10
[26May2026 02:04:45.561] [Server thread/INFO] [net.minecraft.server.MinecraftServer/]: GOAT-10 joined the game
[26May2026 02:04:45.678] [Server thread/INFO] [artifacts.Artifacts/]: Sending item configs to client
[26May2026 02:04:46.426] [Netty Epoll Server IO #0/INFO] [dev.ryanhcode.sable.Sable/]: UDP authentication complete with /10.215.22.218:50123, UDP routing to /10.215.22.218:62414
[26May2026 02:04:46.745] [Netty Epoll Server IO #0/INFO] [dev.ryanhcode.sable.Sable/]: UDP authentication complete with /10.215.22.18:56179, UDP routing to /10.215.22.18:59504
[26May2026 02:04:46.833] [Server thread/INFO] [net.tysontheember.emberstextapi.welcome.PlayerJoinEventHandler/]: EmbersTextAPI info message sent to player: hawk_24
[26May2026 02:04:46.833] [Server thread/WARN] [net.minecraft.server.MinecraftServer/]: Can't keep up! Is the server overloaded? Running 2295ms or 45 ticks behind
[26May2026 02:04:46.884] [Server thread/WARN] [net.minecraft.server.network.ServerGamePacketListenerImpl/]: Karma54 moved too quickly! -6.8789522582676454,0.0,7.39282775643278
[26May2026 02:04:55.023] [MiniServServer/INFO] [net.montoyo.wd.utilities.Log/]: Client with UUID a10ac3d6-a730-3515-b596-851fd30b237e authenticated successfully
[26May2026 02:04:55.024] [MiniServServer/WARN] [net.montoyo.wd.utilities.Log/]: Could not create storage directory for user a10ac3d6-a730-3515-b596-851fd30b237e, things may go wrong...
[26May2026 02:04:55.822] [MiniServServer/INFO] [net.montoyo.wd.utilities.Log/]: Client with UUID 6eeb5c32-6bf0-36ad-b33b-b688a36774b0 authenticated successfully
[26May2026 02:04:55.823] [MiniServServer/WARN] [net.montoyo.wd.utilities.Log/]: Could not create storage directory for user 6eeb5c32-6bf0-36ad-b33b-b688a36774b0, things may go wrong...
[26May2026 02:07:29.198] [Server thread/INFO] [dev.ryanhcode.sable.Sable/]: Saving sub-levels for level 'ServerLevel[world]'/minecraft:overworld
[26May2026 02:07:29.498] [Server thread/WARN] [net.montoyo.wd.utilities.Log/]: Could not save last minePad ID (0) to /wd_next.txt. I'm afraid this might break all minePads.
java.io.FileNotFoundException: /wd_next.txt (Permission denied)
	at java.base/java.io.FileOutputStream.open0(Native Method) ~[?:?]
	at java.base/java.io.FileOutputStream.open(FileOutputStream.java:289) ~[?:?]
	at java.base/java.io.FileOutputStream.<init>(FileOutputStream.java:230) ~[?:?]
	at java.base/java.io.FileOutputStream.<init>(FileOutputStream.java:179) ~[?:?]
	at java.base/java.io.FileWriter.<init>(FileWriter.java:98) ~[?:?]
	at TRANSFORMER/webdisplays@2.0.0/net.montoyo.wd.WebDisplays.onWorldSave(WebDisplays.java:242) ~[WebDisplays-REMASTER-2.0.0.jar%23352!/:2.0.0]
	at MC-BOOTSTRAP/net.neoforged.bus/net.neoforged.bus.EventBus.post(EventBus.java:360) ~[bus-8.0.5.jar%2360!/:?]
	at MC-BOOTSTRAP/net.neoforged.bus/net.neoforged.bus.EventBus.post(EventBus.java:328) ~[bus-8.0.5.jar%2360!/:?]
	at TRANSFORMER/minecraft@1.21.1/net.minecraft.server.level.ServerLevel.save(ServerLevel.java:825) ~[server-1.21.1-20240808.144430-srg.jar%23233!/:?]
	at TRANSFORMER/minecraft@1.21.1/net.minecraft.server.MinecraftServer.saveAllChunks(MinecraftServer.java:551) ~[server-1.21.1-20240808.144430-srg.jar%23233!/:?]
	at TRANSFORMER/minecraft@1.21.1/net.minecraft.server.MinecraftServer.saveEverything(MinecraftServer.java:576) ~[server-1.21.1-20240808.144430-srg.jar%23233!/:?]
	at TRANSFORMER/minecraft@1.21.1/net.minecraft.server.MinecraftServer.tickServer(MinecraftServer.java:929) ~[server-1.21.1-20240808.144430-srg.jar%23233!/:?]
	at TRANSFORMER/minecraft@1.21.1/net.minecraft.server.MinecraftServer.runServer(MinecraftServer.java:707) ~[server-1.21.1-20240808.144430-srg.jar%23233!/:?]
	at TRANSFORMER/minecraft@1.21.1/net.minecraft.server.MinecraftServer.lambda$spin$2(MinecraftServer.java:267) ~[server-1.21.1-20240808.144430-srg.jar%23233!/:?]
	at java.base/java.lang.Thread.run(Thread.java:1583) [?:?]
[26May2026 02:07:29.509] [Server thread/INFO] [dev.ryanhcode.sable.Sable/]: Saving sub-levels for level 'ServerLevel[world]'/minecraft:the_nether
[26May2026 02:07:29.509] [Server thread/INFO] [dev.ryanhcode.sable.Sable/]: Saving sub-levels for level 'ServerLevel[world]'/createteleporters:pocket_dimension
[26May2026 02:07:29.510] [Server thread/INFO] [dev.ryanhcode.sable.Sable/]: Saving sub-levels for level 'ServerLevel[world]'/aether:the_aether
[26May2026 02:07:29.510] [Server thread/INFO] [dev.ryanhcode.sable.Sable/]: Saving sub-levels for level 'ServerLevel[world]'/minecraft:the_end
[26May2026 02:08:54.639] [Server thread/INFO] [net.minecraft.server.MinecraftServer/]: [ElFenix09: Teleported GOAT-10 to Karma54]
[26May2026 02:09:45.077] [Server thread/WARN] [tombstone/]: The death event of the player GOAT-10 was canceled by another mod
[26May2026 02:09:45.146] [Server thread/INFO] [tombstone/]: The player GOAT-10 has successfully been saved
[26May2026 02:09:52.284] [Server thread/INFO] [net.minecraft.server.MinecraftServer/]: GOAT-10 was slain by Lifestealer
[26May2026 02:11:28.178] [Server thread/INFO] [net.minecraft.server.MinecraftServer/]: hawk_24 has made the advancement [Hostile Paradise]
[26May2026 02:12:29.182] [Server thread/INFO] [dev.ryanhcode.sable.Sable/]: Saving sub-levels for level 'ServerLevel[world]'/minecraft:overworld
[26May2026 02:12:29.243] [Server thread/WARN] [net.montoyo.wd.utilities.Log/]: Could not save last minePad ID (0) to /wd_next.txt. I'm afraid this might break all minePads.
java.io.FileNotFoundException: /wd_next.txt (Permission denied)
	at java.base/java.io.FileOutputStream.open0(Native Method) ~[?:?]
	at java.base/java.io.FileOutputStream.open(FileOutputStream.java:289) ~[?:?]
	at java.base/java.io.FileOutputStream.<init>(FileOutputStream.java:230) ~[?:?]
	at java.base/java.io.FileOutputStream.<init>(FileOutputStream.java:179) ~[?:?]
	at java.base/java.io.FileWriter.<init>(FileWriter.java:98) ~[?:?]
	at TRANSFORMER/webdisplays@2.0.0/net.montoyo.wd.WebDisplays.onWorldSave(WebDisplays.java:242) ~[WebDisplays-REMASTER-2.0.0.jar%23352!/:2.0.0]
	at MC-BOOTSTRAP/net.neoforged.bus/net.neoforged.bus.EventBus.post(EventBus.java:360) ~[bus-8.0.5.jar%2360!/:?]
	at MC-BOOTSTRAP/net.neoforged.bus/net.neoforged.bus.EventBus.post(EventBus.java:328) ~[bus-8.0.5.jar%2360!/:?]
	at TRANSFORMER/minecraft@1.21.1/net.minecraft.server.level.ServerLevel.save(ServerLevel.java:825) ~[server-1.21.1-20240808.144430-srg.jar%23233!/:?]
	at TRANSFORMER/minecraft@1.21.1/net.minecraft.server.MinecraftServer.saveAllChunks(MinecraftServer.java:551) ~[server-1.21.1-20240808.144430-srg.jar%23233!/:?]
	at TRANSFORMER/minecraft@1.21.1/net.minecraft.server.MinecraftServer.saveEverything(MinecraftServer.java:576) ~[server-1.21.1-20240808.144430-srg.jar%23233!/:?]
	at TRANSFORMER/minecraft@1.21.1/net.minecraft.server.MinecraftServer.tickServer(MinecraftServer.java:929) ~[server-1.21.1-20240808.144430-srg.jar%23233!/:?]
	at TRANSFORMER/minecraft@1.21.1/net.minecraft.server.MinecraftServer.runServer(MinecraftServer.java:707) ~[server-1.21.1-20240808.144430-srg.jar%23233!/:?]
	at TRANSFORMER/minecraft@1.21.1/net.minecraft.server.MinecraftServer.lambda$spin$2(MinecraftServer.java:267) ~[server-1.21.1-20240808.144430-srg.jar%23233!/:?]
	at java.base/java.lang.Thread.run(Thread.java:1583) [?:?]
[26May2026 02:12:29.246] [Server thread/INFO] [dev.ryanhcode.sable.Sable/]: Saving sub-levels for level 'ServerLevel[world]'/minecraft:the_nether
[26May2026 02:12:29.247] [Server thread/INFO] [dev.ryanhcode.sable.Sable/]: Saving sub-levels for level 'ServerLevel[world]'/createteleporters:pocket_dimension
[26May2026 02:12:29.247] [Server thread/INFO] [dev.ryanhcode.sable.Sable/]: Saving sub-levels for level 'ServerLevel[world]'/aether:the_aether
[26May2026 02:12:29.251] [Server thread/INFO] [dev.ryanhcode.sable.Sable/]: Saving sub-levels for level 'ServerLevel[world]'/minecraft:the_end
[26May2026 02:14:06.662] [Server thread/INFO] [net.minecraft.server.MinecraftServer/]: [ElFenix09: Teleported Karma54 to ElFenix09]
[26May2026 02:17:29.094] [Server thread/INFO] [dev.ryanhcode.sable.Sable/]: Saving sub-levels for level 'ServerLevel[world]'/minecraft:overworld
[26May2026 02:17:29.132] [Server thread/WARN] [net.montoyo.wd.utilities.Log/]: Could not save last minePad ID (0) to /wd_next.txt. I'm afraid this might break all minePads.
java.io.FileNotFoundException: /wd_next.txt (Permission denied)
	at java.base/java.io.FileOutputStream.open0(Native Method) ~[?:?]
	at java.base/java.io.FileOutputStream.open(FileOutputStream.java:289) ~[?:?]
	at java.base/java.io.FileOutputStream.<init>(FileOutputStream.java:230) ~[?:?]
	at java.base/java.io.FileOutputStream.<init>(FileOutputStream.java:179) ~[?:?]
	at java.base/java.io.FileWriter.<init>(FileWriter.java:98) ~[?:?]
	at TRANSFORMER/webdisplays@2.0.0/net.montoyo.wd.WebDisplays.onWorldSave(WebDisplays.java:242) ~[WebDisplays-REMASTER-2.0.0.jar%23352!/:2.0.0]
	at MC-BOOTSTRAP/net.neoforged.bus/net.neoforged.bus.EventBus.post(EventBus.java:360) ~[bus-8.0.5.jar%2360!/:?]
	at MC-BOOTSTRAP/net.neoforged.bus/net.neoforged.bus.EventBus.post(EventBus.java:328) ~[bus-8.0.5.jar%2360!/:?]
	at TRANSFORMER/minecraft@1.21.1/net.minecraft.server.level.ServerLevel.save(ServerLevel.java:825) ~[server-1.21.1-20240808.144430-srg.jar%23233!/:?]
	at TRANSFORMER/minecraft@1.21.1/net.minecraft.server.MinecraftServer.saveAllChunks(MinecraftServer.java:551) ~[server-1.21.1-20240808.144430-srg.jar%23233!/:?]
	at TRANSFORMER/minecraft@1.21.1/net.minecraft.server.MinecraftServer.saveEverything(MinecraftServer.java:576) ~[server-1.21.1-20240808.144430-srg.jar%23233!/:?]
	at TRANSFORMER/minecraft@1.21.1/net.minecraft.server.MinecraftServer.tickServer(MinecraftServer.java:929) ~[server-1.21.1-20240808.144430-srg.jar%23233!/:?]
	at TRANSFORMER/minecraft@1.21.1/net.minecraft.server.MinecraftServer.runServer(MinecraftServer.java:707) ~[server-1.21.1-20240808.144430-srg.jar%23233!/:?]
	at TRANSFORMER/minecraft@1.21.1/net.minecraft.server.MinecraftServer.lambda$spin$2(MinecraftServer.java:267) ~[server-1.21.1-20240808.144430-srg.jar%23233!/:?]
	at java.base/java.lang.Thread.run(Thread.java:1583) [?:?]
[26May2026 02:17:29.133] [Server thread/INFO] [dev.ryanhcode.sable.Sable/]: Saving sub-levels for level 'ServerLevel[world]'/minecraft:the_nether
[26May2026 02:17:29.134] [Server thread/INFO] [dev.ryanhcode.sable.Sable/]: Saving sub-levels for level 'ServerLevel[world]'/createteleporters:pocket_dimension
[26May2026 02:17:29.134] [Server thread/INFO] [dev.ryanhcode.sable.Sable/]: Saving sub-levels for level 'ServerLevel[world]'/aether:the_aether
[26May2026 02:17:29.136] [Server thread/INFO] [dev.ryanhcode.sable.Sable/]: Saving sub-levels for level 'ServerLevel[world]'/minecraft:the_end
[26May2026 02:18:21.162] [Server thread/INFO] [net.minecraft.server.MinecraftServer/]: Karma54 has made the advancement [Enchanter]
[26May2026 02:21:48.470] [Server thread/WARN] [tombstone/]: The death event of the player hawk_24 was canceled by another mod
[26May2026 02:21:48.547] [Server thread/INFO] [tombstone/]: The player hawk_24 has successfully been saved
[26May2026 02:22:29.099] [Server thread/INFO] [dev.ryanhcode.sable.Sable/]: Saving sub-levels for level 'ServerLevel[world]'/minecraft:overworld
[26May2026 02:22:29.138] [Server thread/WARN] [net.montoyo.wd.utilities.Log/]: Could not save last minePad ID (0) to /wd_next.txt. I'm afraid this might break all minePads.
java.io.FileNotFoundException: /wd_next.txt (Permission denied)
	at java.base/java.io.FileOutputStream.open0(Native Method) ~[?:?]
	at java.base/java.io.FileOutputStream.open(FileOutputStream.java:289) ~[?:?]
	at java.base/java.io.FileOutputStream.<init>(FileOutputStream.java:230) ~[?:?]
	at java.base/java.io.FileOutputStream.<init>(FileOutputStream.java:179) ~[?:?]
	at java.base/java.io.FileWriter.<init>(FileWriter.java:98) ~[?:?]
	at TRANSFORMER/webdisplays@2.0.0/net.montoyo.wd.WebDisplays.onWorldSave(WebDisplays.java:242) ~[WebDisplays-REMASTER-2.0.0.jar%23352!/:2.0.0]
	at MC-BOOTSTRAP/net.neoforged.bus/net.neoforged.bus.EventBus.post(EventBus.java:360) ~[bus-8.0.5.jar%2360!/:?]
	at MC-BOOTSTRAP/net.neoforged.bus/net.neoforged.bus.EventBus.post(EventBus.java:328) ~[bus-8.0.5.jar%2360!/:?]
	at TRANSFORMER/minecraft@1.21.1/net.minecraft.server.level.ServerLevel.save(ServerLevel.java:825) ~[server-1.21.1-20240808.144430-srg.jar%23233!/:?]
	at TRANSFORMER/minecraft@1.21.1/net.minecraft.server.MinecraftServer.saveAllChunks(MinecraftServer.java:551) ~[server-1.21.1-20240808.144430-srg.jar%23233!/:?]
	at TRANSFORMER/minecraft@1.21.1/net.minecraft.server.MinecraftServer.saveEverything(MinecraftServer.java:576) ~[server-1.21.1-20240808.144430-srg.jar%23233!/:?]
	at TRANSFORMER/minecraft@1.21.1/net.minecraft.server.MinecraftServer.tickServer(MinecraftServer.java:929) ~[server-1.21.1-20240808.144430-srg.jar%23233!/:?]
	at TRANSFORMER/minecraft@1.21.1/net.minecraft.server.MinecraftServer.runServer(MinecraftServer.java:707) ~[server-1.21.1-20240808.144430-srg.jar%23233!/:?]
	at TRANSFORMER/minecraft@1.21.1/net.minecraft.server.MinecraftServer.lambda$spin$2(MinecraftServer.java:267) ~[server-1.21.1-20240808.144430-srg.jar%23233!/:?]
	at java.base/java.lang.Thread.run(Thread.java:1583) [?:?]
[26May2026 02:22:29.140] [Server thread/INFO] [dev.ryanhcode.sable.Sable/]: Saving sub-levels for level 'ServerLevel[world]'/minecraft:the_nether
[26May2026 02:22:29.154] [Server thread/INFO] [dev.ryanhcode.sable.Sable/]: Saving sub-levels for level 'ServerLevel[world]'/createteleporters:pocket_dimension
[26May2026 02:22:29.155] [Server thread/INFO] [dev.ryanhcode.sable.Sable/]: Saving sub-levels for level 'ServerLevel[world]'/aether:the_aether
[26May2026 02:22:29.155] [Server thread/INFO] [dev.ryanhcode.sable.Sable/]: Saving sub-levels for level 'ServerLevel[world]'/minecraft:the_end
[26May2026 02:22:48.415] [Server thread/INFO] [net.minecraft.server.MinecraftServer/]: hawk_24 hit the ground too hard
[26May2026 02:23:54.977] [Server thread/WARN] [net.minecraft.server.level.ServerPlayerGameMode/]: Mismatch in destroy block pos: BlockPos{x=199, y=45, z=149} BlockPos{x=199, y=44, z=149}
[26May2026 02:23:55.031] [Server thread/WARN] [net.minecraft.server.level.ServerPlayerGameMode/]: Mismatch in destroy block pos: BlockPos{x=199, y=45, z=149} BlockPos{x=199, y=44, z=149}
[26May2026 02:24:07.919] [Server thread/WARN] [net.minecraft.server.level.ServerPlayerGameMode/]: Mismatch in destroy block pos: BlockPos{x=213, y=52, z=149} BlockPos{x=216, y=51, z=149}
[26May2026 02:27:29.074] [Server thread/INFO] [dev.ryanhcode.sable.Sable/]: Saving sub-levels for level 'ServerLevel[world]'/minecraft:overworld
[26May2026 02:27:29.110] [Server thread/WARN] [net.montoyo.wd.utilities.Log/]: Could not save last minePad ID (0) to /wd_next.txt. I'm afraid this might break all minePads.
java.io.FileNotFoundException: /wd_next.txt (Permission denied)
	at java.base/java.io.FileOutputStream.open0(Native Method) ~[?:?]
	at java.base/java.io.FileOutputStream.open(FileOutputStream.java:289) ~[?:?]
	at java.base/java.io.FileOutputStream.<init>(FileOutputStream.java:230) ~[?:?]
	at java.base/java.io.FileOutputStream.<init>(FileOutputStream.java:179) ~[?:?]
	at java.base/java.io.FileWriter.<init>(FileWriter.java:98) ~[?:?]
	at TRANSFORMER/webdisplays@2.0.0/net.montoyo.wd.WebDisplays.onWorldSave(WebDisplays.java:242) ~[WebDisplays-REMASTER-2.0.0.jar%23352!/:2.0.0]
	at MC-BOOTSTRAP/net.neoforged.bus/net.neoforged.bus.EventBus.post(EventBus.java:360) ~[bus-8.0.5.jar%2360!/:?]
	at MC-BOOTSTRAP/net.neoforged.bus/net.neoforged.bus.EventBus.post(EventBus.java:328) ~[bus-8.0.5.jar%2360!/:?]
	at TRANSFORMER/minecraft@1.21.1/net.minecraft.server.level.ServerLevel.save(ServerLevel.java:825) ~[server-1.21.1-20240808.144430-srg.jar%23233!/:?]
	at TRANSFORMER/minecraft@1.21.1/net.minecraft.server.MinecraftServer.saveAllChunks(MinecraftServer.java:551) ~[server-1.21.1-20240808.144430-srg.jar%23233!/:?]
	at TRANSFORMER/minecraft@1.21.1/net.minecraft.server.MinecraftServer.saveEverything(MinecraftServer.java:576) ~[server-1.21.1-20240808.144430-srg.jar%23233!/:?]
	at TRANSFORMER/minecraft@1.21.1/net.minecraft.server.MinecraftServer.tickServer(MinecraftServer.java:929) ~[server-1.21.1-20240808.144430-srg.jar%23233!/:?]
	at TRANSFORMER/minecraft@1.21.1/net.minecraft.server.MinecraftServer.runServer(MinecraftServer.java:707) ~[server-1.21.1-20240808.144430-srg.jar%23233!/:?]
	at TRANSFORMER/minecraft@1.21.1/net.minecraft.server.MinecraftServer.lambda$spin$2(MinecraftServer.java:267) ~[server-1.21.1-20240808.144430-srg.jar%23233!/:?]
	at java.base/java.lang.Thread.run(Thread.java:1583) [?:?]
[26May2026 02:27:29.111] [Server thread/INFO] [dev.ryanhcode.sable.Sable/]: Saving sub-levels for level 'ServerLevel[world]'/minecraft:the_nether
[26May2026 02:27:29.116] [Server thread/INFO] [dev.ryanhcode.sable.Sable/]: Saving sub-levels for level 'ServerLevel[world]'/createteleporters:pocket_dimension
[26May2026 02:27:29.117] [Server thread/INFO] [dev.ryanhcode.sable.Sable/]: Saving sub-levels for level 'ServerLevel[world]'/aether:the_aether
[26May2026 02:27:29.123] [Server thread/INFO] [dev.ryanhcode.sable.Sable/]: Saving sub-levels for level 'ServerLevel[world]'/minecraft:the_end
[26May2026 02:32:29.071] [Server thread/INFO] [dev.ryanhcode.sable.Sable/]: Saving sub-levels for level 'ServerLevel[world]'/minecraft:overworld
[26May2026 02:32:29.107] [Server thread/WARN] [net.montoyo.wd.utilities.Log/]: Could not save last minePad ID (0) to /wd_next.txt. I'm afraid this might break all minePads.
java.io.FileNotFoundException: /wd_next.txt (Permission denied)
	at java.base/java.io.FileOutputStream.open0(Native Method) ~[?:?]
	at java.base/java.io.FileOutputStream.open(FileOutputStream.java:289) ~[?:?]
	at java.base/java.io.FileOutputStream.<init>(FileOutputStream.java:230) ~[?:?]
	at java.base/java.io.FileOutputStream.<init>(FileOutputStream.java:179) ~[?:?]
	at java.base/java.io.FileWriter.<init>(FileWriter.java:98) ~[?:?]
	at TRANSFORMER/webdisplays@2.0.0/net.montoyo.wd.WebDisplays.onWorldSave(WebDisplays.java:242) ~[WebDisplays-REMASTER-2.0.0.jar%23352!/:2.0.0]
	at MC-BOOTSTRAP/net.neoforged.bus/net.neoforged.bus.EventBus.post(EventBus.java:360) ~[bus-8.0.5.jar%2360!/:?]
	at MC-BOOTSTRAP/net.neoforged.bus/net.neoforged.bus.EventBus.post(EventBus.java:328) ~[bus-8.0.5.jar%2360!/:?]
	at TRANSFORMER/minecraft@1.21.1/net.minecraft.server.level.ServerLevel.save(ServerLevel.java:825) ~[server-1.21.1-20240808.144430-srg.jar%23233!/:?]
	at TRANSFORMER/minecraft@1.21.1/net.minecraft.server.MinecraftServer.saveAllChunks(MinecraftServer.java:551) ~[server-1.21.1-20240808.144430-srg.jar%23233!/:?]
	at TRANSFORMER/minecraft@1.21.1/net.minecraft.server.MinecraftServer.saveEverything(MinecraftServer.java:576) ~[server-1.21.1-20240808.144430-srg.jar%23233!/:?]
	at TRANSFORMER/minecraft@1.21.1/net.minecraft.server.MinecraftServer.tickServer(MinecraftServer.java:929) ~[server-1.21.1-20240808.144430-srg.jar%23233!/:?]
	at TRANSFORMER/minecraft@1.21.1/net.minecraft.server.MinecraftServer.runServer(MinecraftServer.java:707) ~[server-1.21.1-20240808.144430-srg.jar%23233!/:?]
	at TRANSFORMER/minecraft@1.21.1/net.minecraft.server.MinecraftServer.lambda$spin$2(MinecraftServer.java:267) ~[server-1.21.1-20240808.144430-srg.jar%23233!/:?]
	at java.base/java.lang.Thread.run(Thread.java:1583) [?:?]
[26May2026 02:32:29.109] [Server thread/INFO] [dev.ryanhcode.sable.Sable/]: Saving sub-levels for level 'ServerLevel[world]'/minecraft:the_nether
[26May2026 02:32:29.110] [Server thread/INFO] [dev.ryanhcode.sable.Sable/]: Saving sub-levels for level 'ServerLevel[world]'/createteleporters:pocket_dimension
[26May2026 02:32:29.112] [Server thread/INFO] [dev.ryanhcode.sable.Sable/]: Saving sub-levels for level 'ServerLevel[world]'/aether:the_aether
[26May2026 02:32:29.115] [Server thread/INFO] [dev.ryanhcode.sable.Sable/]: Saving sub-levels for level 'ServerLevel[world]'/minecraft:the_end
[26May2026 02:35:54.811] [Server thread/INFO] [com.simibubi.create.Create/]: RecipeTrie of depth 9 with 2382 nodes built with 2884 variants, 1038 ingredients, and 1694 recipes
[26May2026 02:36:44.600] [Server thread/WARN] [tombstone/]: The death event of the player hawk_24 was canceled by another mod
[26May2026 02:36:44.614] [Server thread/INFO] [tombstone/]: The player hawk_24 has successfully been saved
[26May2026 02:37:29.078] [Server thread/INFO] [dev.ryanhcode.sable.Sable/]: Saving sub-levels for level 'ServerLevel[world]'/minecraft:overworld
[26May2026 02:37:29.110] [Server thread/WARN] [net.montoyo.wd.utilities.Log/]: Could not save last minePad ID (0) to /wd_next.txt. I'm afraid this might break all minePads.
java.io.FileNotFoundException: /wd_next.txt (Permission denied)
	at java.base/java.io.FileOutputStream.open0(Native Method) ~[?:?]
	at java.base/java.io.FileOutputStream.open(FileOutputStream.java:289) ~[?:?]
	at java.base/java.io.FileOutputStream.<init>(FileOutputStream.java:230) ~[?:?]
	at java.base/java.io.FileOutputStream.<init>(FileOutputStream.java:179) ~[?:?]
	at java.base/java.io.FileWriter.<init>(FileWriter.java:98) ~[?:?]
	at TRANSFORMER/webdisplays@2.0.0/net.montoyo.wd.WebDisplays.onWorldSave(WebDisplays.java:242) ~[WebDisplays-REMASTER-2.0.0.jar%23352!/:2.0.0]
	at MC-BOOTSTRAP/net.neoforged.bus/net.neoforged.bus.EventBus.post(EventBus.java:360) ~[bus-8.0.5.jar%2360!/:?]
	at MC-BOOTSTRAP/net.neoforged.bus/net.neoforged.bus.EventBus.post(EventBus.java:328) ~[bus-8.0.5.jar%2360!/:?]
	at TRANSFORMER/minecraft@1.21.1/net.minecraft.server.level.ServerLevel.save(ServerLevel.java:825) ~[server-1.21.1-20240808.144430-srg.jar%23233!/:?]
	at TRANSFORMER/minecraft@1.21.1/net.minecraft.server.MinecraftServer.saveAllChunks(MinecraftServer.java:551) ~[server-1.21.1-20240808.144430-srg.jar%23233!/:?]
	at TRANSFORMER/minecraft@1.21.1/net.minecraft.server.MinecraftServer.saveEverything(MinecraftServer.java:576) ~[server-1.21.1-20240808.144430-srg.jar%23233!/:?]
	at TRANSFORMER/minecraft@1.21.1/net.minecraft.server.MinecraftServer.tickServer(MinecraftServer.java:929) ~[server-1.21.1-20240808.144430-srg.jar%23233!/:?]
	at TRANSFORMER/minecraft@1.21.1/net.minecraft.server.MinecraftServer.runServer(MinecraftServer.java:707) ~[server-1.21.1-20240808.144430-srg.jar%23233!/:?]
	at TRANSFORMER/minecraft@1.21.1/net.minecraft.server.MinecraftServer.lambda$spin$2(MinecraftServer.java:267) ~[server-1.21.1-20240808.144430-srg.jar%23233!/:?]
	at java.base/java.lang.Thread.run(Thread.java:1583) [?:?]
[26May2026 02:37:29.111] [Server thread/INFO] [dev.ryanhcode.sable.Sable/]: Saving sub-levels for level 'ServerLevel[world]'/minecraft:the_nether
[26May2026 02:37:29.114] [Server thread/INFO] [dev.ryanhcode.sable.Sable/]: Saving sub-levels for level 'ServerLevel[world]'/createteleporters:pocket_dimension
[26May2026 02:37:29.114] [Server thread/INFO] [dev.ryanhcode.sable.Sable/]: Saving sub-levels for level 'ServerLevel[world]'/aether:the_aether
[26May2026 02:37:29.116] [Server thread/INFO] [dev.ryanhcode.sable.Sable/]: Saving sub-levels for level 'ServerLevel[world]'/minecraft:the_end
[26May2026 02:37:44.558] [Server thread/INFO] [net.minecraft.server.MinecraftServer/]: hawk_24 was slain by Fallen Chaos Knight
[26May2026 02:39:44.146] [Server thread/WARN] [net.minecraft.server.network.ServerGamePacketListenerImpl/]: GOAT-10 moved too quickly! 8.876284228736154,0.41999998688697815,4.6305791491038235
[26May2026 02:41:26.556] [Server thread/WARN] [tombstone/]: The death event of the player hawk_24 was canceled by another mod
[26May2026 02:41:26.563] [Server thread/INFO] [tombstone/]: The player hawk_24 has successfully been saved
[26May2026 02:41:54.633] [Server thread/INFO] [net.minecraft.server.MinecraftServer/]: [ElFenix09: Teleported Karma54 to hawk_24]
[26May2026 02:42:29.088] [Server thread/INFO] [dev.ryanhcode.sable.Sable/]: Saving sub-levels for level 'ServerLevel[world]'/minecraft:overworld
[26May2026 02:42:29.124] [Server thread/WARN] [net.montoyo.wd.utilities.Log/]: Could not save last minePad ID (0) to /wd_next.txt. I'm afraid this might break all minePads.
java.io.FileNotFoundException: /wd_next.txt (Permission denied)
	at java.base/java.io.FileOutputStream.open0(Native Method) ~[?:?]
	at java.base/java.io.FileOutputStream.open(FileOutputStream.java:289) ~[?:?]
	at java.base/java.io.FileOutputStream.<init>(FileOutputStream.java:230) ~[?:?]
	at java.base/java.io.FileOutputStream.<init>(FileOutputStream.java:179) ~[?:?]
	at java.base/java.io.FileWriter.<init>(FileWriter.java:98) ~[?:?]
	at TRANSFORMER/webdisplays@2.0.0/net.montoyo.wd.WebDisplays.onWorldSave(WebDisplays.java:242) ~[WebDisplays-REMASTER-2.0.0.jar%23352!/:2.0.0]
	at MC-BOOTSTRAP/net.neoforged.bus/net.neoforged.bus.EventBus.post(EventBus.java:360) ~[bus-8.0.5.jar%2360!/:?]
	at MC-BOOTSTRAP/net.neoforged.bus/net.neoforged.bus.EventBus.post(EventBus.java:328) ~[bus-8.0.5.jar%2360!/:?]
	at TRANSFORMER/minecraft@1.21.1/net.minecraft.server.level.ServerLevel.save(ServerLevel.java:825) ~[server-1.21.1-20240808.144430-srg.jar%23233!/:?]
	at TRANSFORMER/minecraft@1.21.1/net.minecraft.server.MinecraftServer.saveAllChunks(MinecraftServer.java:551) ~[server-1.21.1-20240808.144430-srg.jar%23233!/:?]
	at TRANSFORMER/minecraft@1.21.1/net.minecraft.server.MinecraftServer.saveEverything(MinecraftServer.java:576) ~[server-1.21.1-20240808.144430-srg.jar%23233!/:?]
	at TRANSFORMER/minecraft@1.21.1/net.minecraft.server.MinecraftServer.tickServer(MinecraftServer.java:929) ~[server-1.21.1-20240808.144430-srg.jar%23233!/:?]
	at TRANSFORMER/minecraft@1.21.1/net.minecraft.server.MinecraftServer.runServer(MinecraftServer.java:707) ~[server-1.21.1-20240808.144430-srg.jar%23233!/:?]
	at TRANSFORMER/minecraft@1.21.1/net.minecraft.server.MinecraftServer.lambda$spin$2(MinecraftServer.java:267) ~[server-1.21.1-20240808.144430-srg.jar%23233!/:?]
	at java.base/java.lang.Thread.run(Thread.java:1583) [?:?]
[26May2026 02:42:29.125] [Server thread/INFO] [dev.ryanhcode.sable.Sable/]: Saving sub-levels for level 'ServerLevel[world]'/minecraft:the_nether
[26May2026 02:42:29.129] [Server thread/INFO] [dev.ryanhcode.sable.Sable/]: Saving sub-levels for level 'ServerLevel[world]'/createteleporters:pocket_dimension
[26May2026 02:42:29.129] [Server thread/INFO] [dev.ryanhcode.sable.Sable/]: Saving sub-levels for level 'ServerLevel[world]'/aether:the_aether
[26May2026 02:42:29.133] [Server thread/INFO] [dev.ryanhcode.sable.Sable/]: Saving sub-levels for level 'ServerLevel[world]'/minecraft:the_end
[26May2026 02:43:06.990] [Server thread/WARN] [tombstone/]: The death event of the player hawk_24 was canceled by another mod
[26May2026 02:43:07.022] [Server thread/INFO] [tombstone/]: The player hawk_24 has successfully been saved
[26May2026 02:47:29.098] [Server thread/INFO] [dev.ryanhcode.sable.Sable/]: Saving sub-levels for level 'ServerLevel[world]'/minecraft:overworld
[26May2026 02:47:29.131] [Server thread/WARN] [net.montoyo.wd.utilities.Log/]: Could not save last minePad ID (0) to /wd_next.txt. I'm afraid this might break all minePads.
java.io.FileNotFoundException: /wd_next.txt (Permission denied)
	at java.base/java.io.FileOutputStream.open0(Native Method) ~[?:?]
	at java.base/java.io.FileOutputStream.open(FileOutputStream.java:289) ~[?:?]
	at java.base/java.io.FileOutputStream.<init>(FileOutputStream.java:230) ~[?:?]
	at java.base/java.io.FileOutputStream.<init>(FileOutputStream.java:179) ~[?:?]
	at java.base/java.io.FileWriter.<init>(FileWriter.java:98) ~[?:?]
	at TRANSFORMER/webdisplays@2.0.0/net.montoyo.wd.WebDisplays.onWorldSave(WebDisplays.java:242) ~[WebDisplays-REMASTER-2.0.0.jar%23352!/:2.0.0]
	at MC-BOOTSTRAP/net.neoforged.bus/net.neoforged.bus.EventBus.post(EventBus.java:360) ~[bus-8.0.5.jar%2360!/:?]
	at MC-BOOTSTRAP/net.neoforged.bus/net.neoforged.bus.EventBus.post(EventBus.java:328) ~[bus-8.0.5.jar%2360!/:?]
	at TRANSFORMER/minecraft@1.21.1/net.minecraft.server.level.ServerLevel.save(ServerLevel.java:825) ~[server-1.21.1-20240808.144430-srg.jar%23233!/:?]
	at TRANSFORMER/minecraft@1.21.1/net.minecraft.server.MinecraftServer.saveAllChunks(MinecraftServer.java:551) ~[server-1.21.1-20240808.144430-srg.jar%23233!/:?]
	at TRANSFORMER/minecraft@1.21.1/net.minecraft.server.MinecraftServer.saveEverything(MinecraftServer.java:576) ~[server-1.21.1-20240808.144430-srg.jar%23233!/:?]
	at TRANSFORMER/minecraft@1.21.1/net.minecraft.server.MinecraftServer.tickServer(MinecraftServer.java:929) ~[server-1.21.1-20240808.144430-srg.jar%23233!/:?]
	at TRANSFORMER/minecraft@1.21.1/net.minecraft.server.MinecraftServer.runServer(MinecraftServer.java:707) ~[server-1.21.1-20240808.144430-srg.jar%23233!/:?]
	at TRANSFORMER/minecraft@1.21.1/net.minecraft.server.MinecraftServer.lambda$spin$2(MinecraftServer.java:267) ~[server-1.21.1-20240808.144430-srg.jar%23233!/:?]
	at java.base/java.lang.Thread.run(Thread.java:1583) [?:?]
[26May2026 02:47:29.132] [Server thread/INFO] [dev.ryanhcode.sable.Sable/]: Saving sub-levels for level 'ServerLevel[world]'/minecraft:the_nether
[26May2026 02:47:29.134] [Server thread/INFO] [dev.ryanhcode.sable.Sable/]: Saving sub-levels for level 'ServerLevel[world]'/createteleporters:pocket_dimension
[26May2026 02:47:29.134] [Server thread/INFO] [dev.ryanhcode.sable.Sable/]: Saving sub-levels for level 'ServerLevel[world]'/aether:the_aether
[26May2026 02:47:29.135] [Server thread/INFO] [dev.ryanhcode.sable.Sable/]: Saving sub-levels for level 'ServerLevel[world]'/minecraft:the_end
[26May2026 02:49:08.168] [Server thread/INFO] [net.minecraft.server.MinecraftServer/]: [ElFenix09: Teleported Karma54 to ElFenix09]
[26May2026 02:49:42.105] [Server thread/WARN] [tombstone/]: The death event of the player Karma54 was canceled by another mod
[26May2026 02:49:42.113] [Server thread/INFO] [tombstone/]: The player Karma54 has successfully been saved
[26May2026 02:49:50.988] [Server thread/INFO] [net.minecraft.server.MinecraftServer/]: Karma54 withered away
[26May2026 02:52:29.088] [Server thread/INFO] [dev.ryanhcode.sable.Sable/]: Saving sub-levels for level 'ServerLevel[world]'/minecraft:overworld
[26May2026 02:52:29.123] [Server thread/WARN] [net.montoyo.wd.utilities.Log/]: Could not save last minePad ID (0) to /wd_next.txt. I'm afraid this might break all minePads.
java.io.FileNotFoundException: /wd_next.txt (Permission denied)
	at java.base/java.io.FileOutputStream.open0(Native Method) ~[?:?]
	at java.base/java.io.FileOutputStream.open(FileOutputStream.java:289) ~[?:?]
	at java.base/java.io.FileOutputStream.<init>(FileOutputStream.java:230) ~[?:?]
	at java.base/java.io.FileOutputStream.<init>(FileOutputStream.java:179) ~[?:?]
	at java.base/java.io.FileWriter.<init>(FileWriter.java:98) ~[?:?]
	at TRANSFORMER/webdisplays@2.0.0/net.montoyo.wd.WebDisplays.onWorldSave(WebDisplays.java:242) ~[WebDisplays-REMASTER-2.0.0.jar%23352!/:2.0.0]
	at MC-BOOTSTRAP/net.neoforged.bus/net.neoforged.bus.EventBus.post(EventBus.java:360) ~[bus-8.0.5.jar%2360!/:?]
	at MC-BOOTSTRAP/net.neoforged.bus/net.neoforged.bus.EventBus.post(EventBus.java:328) ~[bus-8.0.5.jar%2360!/:?]
	at TRANSFORMER/minecraft@1.21.1/net.minecraft.server.level.ServerLevel.save(ServerLevel.java:825) ~[server-1.21.1-20240808.144430-srg.jar%23233!/:?]
	at TRANSFORMER/minecraft@1.21.1/net.minecraft.server.MinecraftServer.saveAllChunks(MinecraftServer.java:551) ~[server-1.21.1-20240808.144430-srg.jar%23233!/:?]
	at TRANSFORMER/minecraft@1.21.1/net.minecraft.server.MinecraftServer.saveEverything(MinecraftServer.java:576) ~[server-1.21.1-20240808.144430-srg.jar%23233!/:?]
	at TRANSFORMER/minecraft@1.21.1/net.minecraft.server.MinecraftServer.tickServer(MinecraftServer.java:929) ~[server-1.21.1-20240808.144430-srg.jar%23233!/:?]
	at TRANSFORMER/minecraft@1.21.1/net.minecraft.server.MinecraftServer.runServer(MinecraftServer.java:707) ~[server-1.21.1-20240808.144430-srg.jar%23233!/:?]
	at TRANSFORMER/minecraft@1.21.1/net.minecraft.server.MinecraftServer.lambda$spin$2(MinecraftServer.java:267) ~[server-1.21.1-20240808.144430-srg.jar%23233!/:?]
	at java.base/java.lang.Thread.run(Thread.java:1583) [?:?]
[26May2026 02:52:29.124] [Server thread/INFO] [dev.ryanhcode.sable.Sable/]: Saving sub-levels for level 'ServerLevel[world]'/minecraft:the_nether
[26May2026 02:52:29.128] [Server thread/INFO] [dev.ryanhcode.sable.Sable/]: Saving sub-levels for level 'ServerLevel[world]'/createteleporters:pocket_dimension
[26May2026 02:52:29.131] [Server thread/INFO] [dev.ryanhcode.sable.Sable/]: Saving sub-levels for level 'ServerLevel[world]'/aether:the_aether
[26May2026 02:52:29.134] [Server thread/INFO] [dev.ryanhcode.sable.Sable/]: Saving sub-levels for level 'ServerLevel[world]'/minecraft:the_end
[26May2026 02:53:52.166] [Server thread/WARN] [net.minecraft.server.network.ServerGamePacketListenerImpl/]: GOAT-10 moved too quickly! -1.4865417396389375,0.4297071844883078,10.020991202974415
[26May2026 02:53:57.956] [Server thread/INFO] [net.minecraft.server.network.ServerGamePacketListenerImpl/]: Karma54 lost connection: Disconnected
[26May2026 02:53:57.957] [Server thread/INFO] [net.minecraft.server.MinecraftServer/]: Karma54 left the game
[26May2026 02:55:05.803] [Server thread/INFO] [net.minecraft.server.network.ServerGamePacketListenerImpl/]: GOAT-10 lost connection: Timed out
[26May2026 02:55:05.803] [Server thread/INFO] [net.minecraft.server.MinecraftServer/]: GOAT-10 left the game
[26May2026 02:55:24.221] [ForkJoinPool.commonPool-worker-10/WARN] [SkinRestorer/]: Failed to fetch skin 'mojang:GOAT-10'
java.lang.IllegalStateException: not found
	at TRANSFORMER/skinrestorer@2.7.0+1.21-neoforge/net.lionarius.skinrestorer.util.WebUtils.throwOnClientErrors(WebUtils.java:104) ~[?:?]
	at TRANSFORMER/skinrestorer@2.7.0+1.21-neoforge/net.lionarius.skinrestorer.skin.provider.base.YggdrasilSkinProvider.getProfile(YggdrasilSkinProvider.java:52) ~[?:?]
	at TRANSFORMER/skinrestorer@2.7.0+1.21-neoforge/net.lionarius.skinrestorer.skin.provider.builtin.MojangSkinProvider.lambda$new$0(MojangSkinProvider.java:44) ~[?:?]
	at TRANSFORMER/minecraft@1.21.1/net.minecraft.server.players.GameProfileCache.lookupGameProfile(GameProfileCache.java:95) ~[?:?]
	at TRANSFORMER/minecraft@1.21.1/net.minecraft.server.players.GameProfileCache.get(GameProfileCache.java:150) ~[?:?]
	at TRANSFORMER/skinrestorer@2.7.0+1.21-neoforge/net.lionarius.skinrestorer.skin.provider.builtin.MojangSkinProvider.resolveUuid(MojangSkinProvider.java:75) ~[?:?]
	at TRANSFORMER/skinrestorer@2.7.0+1.21-neoforge/net.lionarius.skinrestorer.skin.provider.base.ProfileSkinProvider.getCacheKey(ProfileSkinProvider.java:63) ~[?:?]
	at TRANSFORMER/skinrestorer@2.7.0+1.21-neoforge/net.lionarius.skinrestorer.skin.provider.base.ProfileSkinProvider.getCacheKey(ProfileSkinProvider.java:19) ~[?:?]
	at TRANSFORMER/skinrestorer@2.7.0+1.21-neoforge/net.lionarius.skinrestorer.skin.provider.base.AbstractSkinProvider.fetchSkin(AbstractSkinProvider.java:49) ~[?:?]
	at TRANSFORMER/minecraft@1.21.1/net.minecraft.server.network.ServerLoginPacketListenerImpl.md283bdb$skinrestorer$lambda$skinrestorer$fetchSkin$1$1(ServerLoginPacketListenerImpl.java:598) ~[?:?]
	at java.base/java.util.Optional.map(Optional.java:260) ~[?:?]
	at TRANSFORMER/minecraft@1.21.1/net.minecraft.server.network.ServerLoginPacketListenerImpl.skinrestorer$fetchSkin(ServerLoginPacketListenerImpl.java:598) ~[?:?]
	at TRANSFORMER/minecraft@1.21.1/net.minecraft.server.network.ServerLoginPacketListenerImpl.md283bdb$skinrestorer$lambda$waitForSkin$0$2(ServerLoginPacketListenerImpl.java:582) ~[?:?]
	at java.base/java.util.concurrent.CompletableFuture$AsyncSupply.run(CompletableFuture.java:1768) [?:?]
	at java.base/java.util.concurrent.CompletableFuture$AsyncSupply.exec(CompletableFuture.java:1760) [?:?]
	at java.base/java.util.concurrent.ForkJoinTask.doExec(ForkJoinTask.java:387) [?:?]
	at java.base/java.util.concurrent.ForkJoinPool$WorkQueue.topLevelExec(ForkJoinPool.java:1312) [?:?]
	at java.base/java.util.concurrent.ForkJoinPool.scan(ForkJoinPool.java:1843) [?:?]
	at java.base/java.util.concurrent.ForkJoinPool.runWorker(ForkJoinPool.java:1808) [?:?]
	at java.base/java.util.concurrent.ForkJoinWorkerThread.run(ForkJoinWorkerThread.java:188) [?:?]
[26May2026 02:55:36.217] [Server thread/INFO] [net.minecraft.server.players.PlayerList/]: GOAT-10[/10.215.22.218:64678] logged in with entity id 20588 at (649.3000000119209, 66.0, 917.8627783240528)
[26May2026 02:55:36.218] [Server thread/INFO] [dev.ryanhcode.sable.Sable/]: Beginning attempted authentication with player GOAT-10
[26May2026 02:55:36.234] [Server thread/INFO] [net.minecraft.server.MinecraftServer/]: GOAT-10 joined the game
[26May2026 02:55:36.365] [Server thread/INFO] [artifacts.Artifacts/]: Sending item configs to client
[26May2026 02:55:37.409] [Server thread/INFO] [net.tysontheember.emberstextapi.welcome.PlayerJoinEventHandler/]: EmbersTextAPI info message sent to player: GOAT-10
[26May2026 02:55:37.416] [Netty Epoll Server IO #0/INFO] [dev.ryanhcode.sable.Sable/]: UDP authentication complete with /10.215.22.218:64678, UDP routing to /10.215.22.218:62056
[26May2026 02:55:47.914] [MiniServServer/INFO] [net.montoyo.wd.utilities.Log/]: Client with UUID 6eeb5c32-6bf0-36ad-b33b-b688a36774b0 authenticated successfully
[26May2026 02:55:47.914] [MiniServServer/WARN] [net.montoyo.wd.utilities.Log/]: Could not create storage directory for user 6eeb5c32-6bf0-36ad-b33b-b688a36774b0, things may go wrong...
[26May2026 02:57:29.039] [Server thread/INFO] [dev.ryanhcode.sable.Sable/]: Saving sub-levels for level 'ServerLevel[world]'/minecraft:overworld
[26May2026 02:57:29.072] [Server thread/WARN] [net.montoyo.wd.utilities.Log/]: Could not save last minePad ID (0) to /wd_next.txt. I'm afraid this might break all minePads.
java.io.FileNotFoundException: /wd_next.txt (Permission denied)
	at java.base/java.io.FileOutputStream.open0(Native Method) ~[?:?]
	at java.base/java.io.FileOutputStream.open(FileOutputStream.java:289) ~[?:?]
	at java.base/java.io.FileOutputStream.<init>(FileOutputStream.java:230) ~[?:?]
	at java.base/java.io.FileOutputStream.<init>(FileOutputStream.java:179) ~[?:?]
	at java.base/java.io.FileWriter.<init>(FileWriter.java:98) ~[?:?]
	at TRANSFORMER/webdisplays@2.0.0/net.montoyo.wd.WebDisplays.onWorldSave(WebDisplays.java:242) ~[WebDisplays-REMASTER-2.0.0.jar%23352!/:2.0.0]
	at MC-BOOTSTRAP/net.neoforged.bus/net.neoforged.bus.EventBus.post(EventBus.java:360) ~[bus-8.0.5.jar%2360!/:?]
	at MC-BOOTSTRAP/net.neoforged.bus/net.neoforged.bus.EventBus.post(EventBus.java:328) ~[bus-8.0.5.jar%2360!/:?]
	at TRANSFORMER/minecraft@1.21.1/net.minecraft.server.level.ServerLevel.save(ServerLevel.java:825) ~[server-1.21.1-20240808.144430-srg.jar%23233!/:?]
	at TRANSFORMER/minecraft@1.21.1/net.minecraft.server.MinecraftServer.saveAllChunks(MinecraftServer.java:551) ~[server-1.21.1-20240808.144430-srg.jar%23233!/:?]
	at TRANSFORMER/minecraft@1.21.1/net.minecraft.server.MinecraftServer.saveEverything(MinecraftServer.java:576) ~[server-1.21.1-20240808.144430-srg.jar%23233!/:?]
	at TRANSFORMER/minecraft@1.21.1/net.minecraft.server.MinecraftServer.tickServer(MinecraftServer.java:929) ~[server-1.21.1-20240808.144430-srg.jar%23233!/:?]
	at TRANSFORMER/minecraft@1.21.1/net.minecraft.server.MinecraftServer.runServer(MinecraftServer.java:707) ~[server-1.21.1-20240808.144430-srg.jar%23233!/:?]
	at TRANSFORMER/minecraft@1.21.1/net.minecraft.server.MinecraftServer.lambda$spin$2(MinecraftServer.java:267) ~[server-1.21.1-20240808.144430-srg.jar%23233!/:?]
	at java.base/java.lang.Thread.run(Thread.java:1583) [?:?]
[26May2026 02:57:29.073] [Server thread/INFO] [dev.ryanhcode.sable.Sable/]: Saving sub-levels for level 'ServerLevel[world]'/minecraft:the_nether
[26May2026 02:57:29.082] [Server thread/INFO] [dev.ryanhcode.sable.Sable/]: Saving sub-levels for level 'ServerLevel[world]'/createteleporters:pocket_dimension
[26May2026 02:57:29.082] [Server thread/INFO] [dev.ryanhcode.sable.Sable/]: Saving sub-levels for level 'ServerLevel[world]'/aether:the_aether
[26May2026 02:57:29.087] [Server thread/INFO] [dev.ryanhcode.sable.Sable/]: Saving sub-levels for level 'ServerLevel[world]'/minecraft:the_end
[26May2026 03:02:29.029] [Server thread/INFO] [dev.ryanhcode.sable.Sable/]: Saving sub-levels for level 'ServerLevel[world]'/minecraft:overworld
[26May2026 03:02:29.062] [Server thread/WARN] [net.montoyo.wd.utilities.Log/]: Could not save last minePad ID (0) to /wd_next.txt. I'm afraid this might break all minePads.
java.io.FileNotFoundException: /wd_next.txt (Permission denied)
	at java.base/java.io.FileOutputStream.open0(Native Method) ~[?:?]
	at java.base/java.io.FileOutputStream.open(FileOutputStream.java:289) ~[?:?]
	at java.base/java.io.FileOutputStream.<init>(FileOutputStream.java:230) ~[?:?]
	at java.base/java.io.FileOutputStream.<init>(FileOutputStream.java:179) ~[?:?]
	at java.base/java.io.FileWriter.<init>(FileWriter.java:98) ~[?:?]
	at TRANSFORMER/webdisplays@2.0.0/net.montoyo.wd.WebDisplays.onWorldSave(WebDisplays.java:242) ~[WebDisplays-REMASTER-2.0.0.jar%23352!/:2.0.0]
	at MC-BOOTSTRAP/net.neoforged.bus/net.neoforged.bus.EventBus.post(EventBus.java:360) ~[bus-8.0.5.jar%2360!/:?]
	at MC-BOOTSTRAP/net.neoforged.bus/net.neoforged.bus.EventBus.post(EventBus.java:328) ~[bus-8.0.5.jar%2360!/:?]
	at TRANSFORMER/minecraft@1.21.1/net.minecraft.server.level.ServerLevel.save(ServerLevel.java:825) ~[server-1.21.1-20240808.144430-srg.jar%23233!/:?]
	at TRANSFORMER/minecraft@1.21.1/net.minecraft.server.MinecraftServer.saveAllChunks(MinecraftServer.java:551) ~[server-1.21.1-20240808.144430-srg.jar%23233!/:?]
	at TRANSFORMER/minecraft@1.21.1/net.minecraft.server.MinecraftServer.saveEverything(MinecraftServer.java:576) ~[server-1.21.1-20240808.144430-srg.jar%23233!/:?]
	at TRANSFORMER/minecraft@1.21.1/net.minecraft.server.MinecraftServer.tickServer(MinecraftServer.java:929) ~[server-1.21.1-20240808.144430-srg.jar%23233!/:?]
	at TRANSFORMER/minecraft@1.21.1/net.minecraft.server.MinecraftServer.runServer(MinecraftServer.java:707) ~[server-1.21.1-20240808.144430-srg.jar%23233!/:?]
	at TRANSFORMER/minecraft@1.21.1/net.minecraft.server.MinecraftServer.lambda$spin$2(MinecraftServer.java:267) ~[server-1.21.1-20240808.144430-srg.jar%23233!/:?]
	at java.base/java.lang.Thread.run(Thread.java:1583) [?:?]
[26May2026 03:02:29.063] [Server thread/INFO] [dev.ryanhcode.sable.Sable/]: Saving sub-levels for level 'ServerLevel[world]'/minecraft:the_nether
[26May2026 03:02:29.067] [Server thread/INFO] [dev.ryanhcode.sable.Sable/]: Saving sub-levels for level 'ServerLevel[world]'/createteleporters:pocket_dimension
[26May2026 03:02:29.067] [Server thread/INFO] [dev.ryanhcode.sable.Sable/]: Saving sub-levels for level 'ServerLevel[world]'/aether:the_aether
[26May2026 03:02:29.073] [Server thread/INFO] [dev.ryanhcode.sable.Sable/]: Saving sub-levels for level 'ServerLevel[world]'/minecraft:the_end
[26May2026 03:02:58.110] [Server thread/INFO] [net.minecraft.server.network.ServerGamePacketListenerImpl/]: hawk_24 lost connection: Disconnected
[26May2026 03:02:58.111] [Server thread/INFO] [net.minecraft.server.MinecraftServer/]: hawk_24 left the game
[26May2026 03:03:05.309] [Netty Epoll Server IO #4/ERROR] [net.minecraft.network.PacketEncoder/]: Error sending packet clientbound/minecraft:disconnect
io.netty.handler.codec.EncoderException: Sending unknown packet 'clientbound/minecraft:disconnect'
	at TRANSFORMER/minecraft@1.21.1/net.minecraft.network.codec.IdDispatchCodec.encode(IdDispatchCodec.java:47) ~[server-1.21.1-20240808.144430-srg.jar%23233!/:?]
	at TRANSFORMER/minecraft@1.21.1/net.minecraft.network.codec.IdDispatchCodec.encode(IdDispatchCodec.java:14) ~[server-1.21.1-20240808.144430-srg.jar%23233!/:?]
	at TRANSFORMER/minecraft@1.21.1/net.minecraft.network.PacketEncoder.encode(PacketEncoder.java:24) ~[server-1.21.1-20240808.144430-srg.jar%23233!/:?]
	at TRANSFORMER/minecraft@1.21.1/net.minecraft.network.PacketEncoder.encode(PacketEncoder.java:12) ~[server-1.21.1-20240808.144430-srg.jar%23233!/:?]
	at MC-BOOTSTRAP/io.netty.codec@4.1.97.Final/io.netty.handler.codec.MessageToByteEncoder.write(MessageToByteEncoder.java:107) ~[netty-codec-4.1.97.Final.jar%23100!/:4.1.97.Final]
	at MC-BOOTSTRAP/io.netty.transport@4.1.97.Final/io.netty.channel.AbstractChannelHandlerContext.invokeWrite0(AbstractChannelHandlerContext.java:881) ~[netty-transport-4.1.97.Final.jar%23104!/:4.1.97.Final]
	at MC-BOOTSTRAP/io.netty.transport@4.1.97.Final/io.netty.channel.AbstractChannelHandlerContext.invokeWrite(AbstractChannelHandlerContext.java:863) ~[netty-transport-4.1.97.Final.jar%23104!/:4.1.97.Final]
	at MC-BOOTSTRAP/io.netty.transport@4.1.97.Final/io.netty.channel.AbstractChannelHandlerContext.write(AbstractChannelHandlerContext.java:968) ~[netty-transport-4.1.97.Final.jar%23104!/:4.1.97.Final]
	at MC-BOOTSTRAP/io.netty.transport@4.1.97.Final/io.netty.channel.AbstractChannelHandlerContext.write(AbstractChannelHandlerContext.java:856) ~[netty-transport-4.1.97.Final.jar%23104!/:4.1.97.Final]
	at MC-BOOTSTRAP/io.netty.transport@4.1.97.Final/io.netty.channel.ChannelOutboundHandlerAdapter.write(ChannelOutboundHandlerAdapter.java:113) ~[netty-transport-4.1.97.Final.jar%23104!/:4.1.97.Final]
	at TRANSFORMER/minecraft@1.21.1/net.minecraft.network.Connection$2.write(Connection.java:528) ~[server-1.21.1-20240808.144430-srg.jar%23233!/:?]
	at MC-BOOTSTRAP/io.netty.transport@4.1.97.Final/io.netty.channel.AbstractChannelHandlerContext.invokeWrite0(AbstractChannelHandlerContext.java:881) ~[netty-transport-4.1.97.Final.jar%23104!/:4.1.97.Final]
	at MC-BOOTSTRAP/io.netty.transport@4.1.97.Final/io.netty.channel.AbstractChannelHandlerContext.invokeWriteAndFlush(AbstractChannelHandlerContext.java:940) ~[netty-transport-4.1.97.Final.jar%23104!/:4.1.97.Final]
	at MC-BOOTSTRAP/io.netty.transport@4.1.97.Final/io.netty.channel.AbstractChannelHandlerContext.write(AbstractChannelHandlerContext.java:966) ~[netty-transport-4.1.97.Final.jar%23104!/:4.1.97.Final]
	at MC-BOOTSTRAP/io.netty.transport@4.1.97.Final/io.netty.channel.AbstractChannelHandlerContext.writeAndFlush(AbstractChannelHandlerContext.java:934) ~[netty-transport-4.1.97.Final.jar%23104!/:4.1.97.Final]
	at MC-BOOTSTRAP/io.netty.transport@4.1.97.Final/io.netty.channel.AbstractChannelHandlerContext.writeAndFlush(AbstractChannelHandlerContext.java:984) ~[netty-transport-4.1.97.Final.jar%23104!/:4.1.97.Final]
	at MC-BOOTSTRAP/io.netty.transport@4.1.97.Final/io.netty.channel.DefaultChannelPipeline.writeAndFlush(DefaultChannelPipeline.java:1025) ~[netty-transport-4.1.97.Final.jar%23104!/:4.1.97.Final]
	at MC-BOOTSTRAP/io.netty.transport@4.1.97.Final/io.netty.channel.AbstractChannel.writeAndFlush(AbstractChannel.java:306) ~[netty-transport-4.1.97.Final.jar%23104!/:4.1.97.Final]
	at TRANSFORMER/minecraft@1.21.1/net.minecraft.network.Connection.doSendPacket(Connection.java:364) ~[server-1.21.1-20240808.144430-srg.jar%23233!/:?]
	at TRANSFORMER/minecraft@1.21.1/net.minecraft.network.Connection.sendPacket(Connection.java:357) ~[server-1.21.1-20240808.144430-srg.jar%23233!/:?]
	at TRANSFORMER/minecraft@1.21.1/net.minecraft.network.Connection.send(Connection.java:339) ~[server-1.21.1-20240808.144430-srg.jar%23233!/:?]
	at TRANSFORMER/minecraft@1.21.1/net.minecraft.network.Connection.send(Connection.java:333) ~[server-1.21.1-20240808.144430-srg.jar%23233!/:?]
	at TRANSFORMER/minecraft@1.21.1/net.minecraft.network.Connection.exceptionCaught(Connection.java:168) ~[server-1.21.1-20240808.144430-srg.jar%23233!/:?]
	at MC-BOOTSTRAP/io.netty.transport@4.1.97.Final/io.netty.channel.AbstractChannelHandlerContext.invokeExceptionCaught(AbstractChannelHandlerContext.java:346) ~[netty-transport-4.1.97.Final.jar%23104!/:4.1.97.Final]
	at MC-BOOTSTRAP/io.netty.transport@4.1.97.Final/io.netty.channel.AbstractChannelHandlerContext.invokeExceptionCaught(AbstractChannelHandlerContext.java:325) ~[netty-transport-4.1.97.Final.jar%23104!/:4.1.97.Final]
	at MC-BOOTSTRAP/io.netty.transport@4.1.97.Final/io.netty.channel.AbstractChannelHandlerContext.fireExceptionCaught(AbstractChannelHandlerContext.java:317) ~[netty-transport-4.1.97.Final.jar%23104!/:4.1.97.Final]
	at MC-BOOTSTRAP/io.netty.transport@4.1.97.Final/io.netty.channel.DefaultChannelPipeline$HeadContext.exceptionCaught(DefaultChannelPipeline.java:1377) ~[netty-transport-4.1.97.Final.jar%23104!/:4.1.97.Final]
	at MC-BOOTSTRAP/io.netty.transport@4.1.97.Final/io.netty.channel.AbstractChannelHandlerContext.invokeExceptionCaught(AbstractChannelHandlerContext.java:346) ~[netty-transport-4.1.97.Final.jar%23104!/:4.1.97.Final]
	at MC-BOOTSTRAP/io.netty.transport@4.1.97.Final/io.netty.channel.AbstractChannelHandlerContext.invokeExceptionCaught(AbstractChannelHandlerContext.java:325) ~[netty-transport-4.1.97.Final.jar%23104!/:4.1.97.Final]
	at MC-BOOTSTRAP/io.netty.transport@4.1.97.Final/io.netty.channel.DefaultChannelPipeline.fireExceptionCaught(DefaultChannelPipeline.java:907) ~[netty-transport-4.1.97.Final.jar%23104!/:4.1.97.Final]
	at MC-BOOTSTRAP/io.netty.transport.classes.epoll@4.1.97.Final/io.netty.channel.epoll.AbstractEpollStreamChannel$EpollStreamUnsafe.handleReadException(AbstractEpollStreamChannel.java:728) ~[netty-transport-classes-epoll-4.1.97.Final.jar%23105!/:4.1.97.Final]
	at MC-BOOTSTRAP/io.netty.transport.classes.epoll@4.1.97.Final/io.netty.channel.epoll.AbstractEpollStreamChannel$EpollStreamUnsafe.epollInReady(AbstractEpollStreamChannel.java:826) ~[netty-transport-classes-epoll-4.1.97.Final.jar%23105!/:4.1.97.Final]
	at MC-BOOTSTRAP/io.netty.transport.classes.epoll@4.1.97.Final/io.netty.channel.epoll.EpollEventLoop.processReady(EpollEventLoop.java:509) ~[netty-transport-classes-epoll-4.1.97.Final.jar%23105!/:4.1.97.Final]
	at MC-BOOTSTRAP/io.netty.transport.classes.epoll@4.1.97.Final/io.netty.channel.epoll.EpollEventLoop.run(EpollEventLoop.java:407) ~[netty-transport-classes-epoll-4.1.97.Final.jar%23105!/:4.1.97.Final]
	at MC-BOOTSTRAP/io.netty.common@4.1.97.Final/io.netty.util.concurrent.SingleThreadEventExecutor$4.run(SingleThreadEventExecutor.java:997) ~[netty-common-4.1.97.Final.jar%23101!/:4.1.97.Final]
	at MC-BOOTSTRAP/io.netty.common@4.1.97.Final/io.netty.util.internal.ThreadExecutorMap$2.run(ThreadExecutorMap.java:74) ~[netty-common-4.1.97.Final.jar%23101!/:4.1.97.Final]
	at java.base/java.lang.Thread.run(Thread.java:1583) [?:?]
[26May2026 03:03:11.346] [Server thread/INFO] [net.minecraft.server.MinecraftServer/]: ElFenix09 has reached the goal [Self-Driving Cart]
[26May2026 03:03:25.035] [Worker-Main-6/ERROR] [net.minecraft.world.item.ItemStack/]: Tried to load invalid item: 'Item must not be minecraft:air'
[26May2026 03:03:25.036] [Worker-Main-6/ERROR] [net.minecraft.world.item.ItemStack/]: Tried to load invalid item: 'Item must not be minecraft:air'
[26May2026 03:04:53.440] [Server thread/WARN] [net.minecraft.server.MinecraftServer/]: Can't keep up! Is the server overloaded? Running 2802ms or 56 ticks behind
[26May2026 03:04:53.477] [Server thread/WARN] [net.minecraft.server.network.ServerGamePacketListenerImpl/]: GOAT-10 moved too quickly! 4.610472955064097,-2.024424088213692,9.005626172552184
[26May2026 03:06:11.582] [Worker-Main-4/ERROR] [net.minecraft.world.entity.decoration.BlockAttachedEntity/]: Block-attached entity at invalid position: BlockPos{x=-359, y=-58, z=-502}
[26May2026 03:06:11.585] [Worker-Main-4/ERROR] [net.minecraft.world.entity.decoration.BlockAttachedEntity/]: Block-attached entity at invalid position: BlockPos{x=-403, y=-58, z=-503}
[26May2026 03:06:17.241] [Worker-Main-4/ERROR] [net.minecraft.world.entity.decoration.BlockAttachedEntity/]: Block-attached entity at invalid position: BlockPos{x=-403, y=-58, z=-503}
[26May2026 03:06:17.242] [Worker-Main-4/ERROR] [net.minecraft.world.entity.decoration.BlockAttachedEntity/]: Block-attached entity at invalid position: BlockPos{x=-359, y=-58, z=-502}
[26May2026 03:06:19.717] [Worker-Main-4/ERROR] [net.minecraft.world.entity.decoration.BlockAttachedEntity/]: Block-attached entity at invalid position: BlockPos{x=-403, y=-52, z=-425}
[26May2026 03:06:19.719] [Worker-Main-4/ERROR] [net.minecraft.world.entity.decoration.BlockAttachedEntity/]: Block-attached entity at invalid position: BlockPos{x=-410, y=-52, z=-426}
[26May2026 03:06:19.738] [Worker-Main-4/ERROR] [net.minecraft.world.entity.decoration.BlockAttachedEntity/]: Block-attached entity at invalid position: BlockPos{x=-414, y=-52, z=-427}
[26May2026 03:06:20.224] [Worker-Main-6/ERROR] [net.minecraft.world.entity.decoration.BlockAttachedEntity/]: Block-attached entity at invalid position: BlockPos{x=-394, y=-52, z=-409}
[26May2026 03:06:20.224] [Worker-Main-6/ERROR] [net.minecraft.world.entity.decoration.BlockAttachedEntity/]: Block-attached entity at invalid position: BlockPos{x=-393, y=-52, z=-408}
[26May2026 03:06:20.225] [Worker-Main-6/ERROR] [net.minecraft.world.entity.decoration.BlockAttachedEntity/]: Block-attached entity at invalid position: BlockPos{x=-395, y=-52, z=-416}
[26May2026 03:06:20.242] [Worker-Main-6/ERROR] [net.minecraft.world.entity.decoration.BlockAttachedEntity/]: Block-attached entity at invalid position: BlockPos{x=-429, y=-52, z=-408}
[26May2026 03:06:20.242] [Worker-Main-6/ERROR] [net.minecraft.world.entity.decoration.BlockAttachedEntity/]: Block-attached entity at invalid position: BlockPos{x=-432, y=-52, z=-404}
[26May2026 03:06:20.242] [Worker-Main-6/ERROR] [net.minecraft.world.entity.decoration.BlockAttachedEntity/]: Block-attached entity at invalid position: BlockPos{x=-432, y=-52, z=-402}
[26May2026 03:06:20.728] [Worker-Main-6/ERROR] [net.minecraft.world.entity.decoration.BlockAttachedEntity/]: Block-attached entity at invalid position: BlockPos{x=-393, y=-52, z=-400}
[26May2026 03:06:26.238] [Worker-Main-6/ERROR] [net.minecraft.world.entity.decoration.BlockAttachedEntity/]: Block-attached entity at invalid position: BlockPos{x=-350, y=-58, z=-499}
[26May2026 03:06:26.239] [Worker-Main-6/ERROR] [net.minecraft.world.entity.decoration.BlockAttachedEntity/]: Block-attached entity at invalid position: BlockPos{x=-349, y=-58, z=-499}
[26May2026 03:06:26.251] [Worker-Main-6/ERROR] [net.minecraft.world.entity.decoration.BlockAttachedEntity/]: Block-attached entity at invalid position: BlockPos{x=-349, y=-58, z=-497}
[26May2026 03:06:26.260] [Worker-Main-6/ERROR] [net.minecraft.world.level.block.entity.SculkSensorBlockEntity/]: Failed to parse vibration listener for Sculk Sensor: 'No key selector in MapLike[{event_delay:0,event_distance:3.602844f,range:8,source:{pos:[I;-404,-59,-499],type:"minecraft:block"}}]'
[26May2026 03:06:26.281] [Worker-Main-6/ERROR] [net.minecraft.world.entity.decoration.BlockAttachedEntity/]: Block-attached entity at invalid position: BlockPos{x=-420, y=-52, z=-419}
[26May2026 03:06:26.281] [Worker-Main-6/ERROR] [net.minecraft.world.entity.decoration.BlockAttachedEntity/]: Block-attached entity at invalid position: BlockPos{x=-424, y=-52, z=-422}
[26May2026 03:06:26.306] [Worker-Main-6/ERROR] [net.minecraft.world.entity.decoration.BlockAttachedEntity/]: Block-attached entity at invalid position: BlockPos{x=-361, y=-58, z=-502}
[26May2026 03:06:26.308] [Worker-Main-6/ERROR] [net.minecraft.world.entity.decoration.BlockAttachedEntity/]: Block-attached entity at invalid position: BlockPos{x=-350, y=-58, z=-499}
[26May2026 03:06:26.311] [Worker-Main-6/ERROR] [net.minecraft.world.entity.decoration.BlockAttachedEntity/]: Block-attached entity at invalid position: BlockPos{x=-349, y=-58, z=-499}
[26May2026 03:06:26.363] [Worker-Main-6/ERROR] [net.minecraft.world.entity.decoration.BlockAttachedEntity/]: Block-attached entity at invalid position: BlockPos{x=-349, y=-58, z=-497}
[26May2026 03:06:26.402] [Worker-Main-6/ERROR] [net.minecraft.world.entity.decoration.BlockAttachedEntity/]: Block-attached entity at invalid position: BlockPos{x=-428, y=-52, z=-409}
[26May2026 03:06:26.492] [Worker-Main-6/ERROR] [net.minecraft.world.entity.decoration.BlockAttachedEntity/]: Block-attached entity at invalid position: BlockPos{x=-407, y=-57, z=-497}
[26May2026 03:06:26.493] [Worker-Main-6/ERROR] [net.minecraft.world.entity.decoration.BlockAttachedEntity/]: Block-attached entity at invalid position: BlockPos{x=-406, y=-57, z=-496}
[26May2026 03:06:26.507] [Worker-Main-6/ERROR] [net.minecraft.world.entity.decoration.BlockAttachedEntity/]: Block-attached entity at invalid position: BlockPos{x=-359, y=-58, z=-502}
[26May2026 03:06:26.512] [Worker-Main-6/ERROR] [net.minecraft.world.entity.decoration.BlockAttachedEntity/]: Block-attached entity at invalid position: BlockPos{x=-373, y=-58, z=-499}
[26May2026 03:06:26.572] [Worker-Main-6/ERROR] [net.minecraft.world.entity.decoration.BlockAttachedEntity/]: Block-attached entity at invalid position: BlockPos{x=-361, y=-54, z=-542}
[26May2026 03:06:26.573] [Worker-Main-6/ERROR] [net.minecraft.world.entity.decoration.BlockAttachedEntity/]: Block-attached entity at invalid position: BlockPos{x=-361, y=-53, z=-542}
[26May2026 03:06:26.602] [Worker-Main-6/ERROR] [net.minecraft.world.entity.decoration.BlockAttachedEntity/]: Block-attached entity at invalid position: BlockPos{x=-409, y=-57, z=-497}
[26May2026 03:06:26.602] [Worker-Main-6/ERROR] [net.minecraft.world.entity.decoration.BlockAttachedEntity/]: Block-attached entity at invalid position: BlockPos{x=-410, y=-57, z=-496}
[26May2026 03:06:26.616] [Worker-Main-6/ERROR] [net.minecraft.world.entity.decoration.BlockAttachedEntity/]: Block-attached entity at invalid position: BlockPos{x=-400, y=-52, z=-552}
[26May2026 03:06:26.617] [Worker-Main-6/ERROR] [net.minecraft.world.entity.decoration.BlockAttachedEntity/]: Block-attached entity at invalid position: BlockPos{x=-400, y=-51, z=-552}
[26May2026 03:06:26.621] [Worker-Main-6/ERROR] [net.minecraft.world.entity.decoration.BlockAttachedEntity/]: Block-attached entity at invalid position: BlockPos{x=-361, y=-58, z=-502}
[26May2026 03:06:26.781] [Worker-Main-4/ERROR] [net.minecraft.world.entity.decoration.BlockAttachedEntity/]: Block-attached entity at invalid position: BlockPos{x=-362, y=-51, z=-548}
[26May2026 03:06:26.833] [Worker-Main-6/ERROR] [net.minecraft.world.entity.decoration.BlockAttachedEntity/]: Block-attached entity at invalid position: BlockPos{x=-373, y=-58, z=-499}
[26May2026 03:06:26.840] [Worker-Main-6/ERROR] [net.minecraft.world.entity.decoration.BlockAttachedEntity/]: Block-attached entity at invalid position: BlockPos{x=-403, y=-58, z=-497}
[26May2026 03:06:26.849] [Worker-Main-6/ERROR] [net.minecraft.world.entity.decoration.BlockAttachedEntity/]: Block-attached entity at invalid position: BlockPos{x=-359, y=-58, z=-502}
[26May2026 03:06:26.861] [Worker-Main-6/ERROR] [net.minecraft.world.level.block.entity.SculkSensorBlockEntity/]: Failed to parse vibration listener for Sculk Sensor: 'No key selector in MapLike[{event_delay:0,event_distance:3.602844f,range:8,source:{pos:[I;-404,-59,-499],type:"minecraft:block"}}]'
[26May2026 03:06:26.878] [Worker-Main-6/ERROR] [net.minecraft.world.entity.decoration.BlockAttachedEntity/]: Block-attached entity at invalid position: BlockPos{x=-403, y=-58, z=-503}
[26May2026 03:06:26.893] [Worker-Main-6/ERROR] [net.minecraft.world.entity.decoration.BlockAttachedEntity/]: Block-attached entity at invalid position: BlockPos{x=-400, y=-52, z=-422}
[26May2026 03:06:26.893] [Worker-Main-6/ERROR] [net.minecraft.world.entity.decoration.BlockAttachedEntity/]: Block-attached entity at invalid position: BlockPos{x=-396, y=-52, z=-418}
[26May2026 03:06:26.894] [Worker-Main-6/ERROR] [net.minecraft.world.entity.decoration.BlockAttachedEntity/]: Block-attached entity at invalid position: BlockPos{x=-396, y=-52, z=-409}
[26May2026 03:06:26.894] [Worker-Main-6/ERROR] [net.minecraft.world.entity.decoration.BlockAttachedEntity/]: Block-attached entity at invalid position: BlockPos{x=-395, y=-52, z=-416}
[26May2026 03:06:26.904] [Worker-Main-6/ERROR] [net.minecraft.world.entity.decoration.BlockAttachedEntity/]: Block-attached entity at invalid position: BlockPos{x=-359, y=-58, z=-502}
[26May2026 03:06:27.036] [Worker-Main-4/ERROR] [net.minecraft.world.entity.decoration.BlockAttachedEntity/]: Block-attached entity at invalid position: BlockPos{x=-362, y=-51, z=-548}
[26May2026 03:06:27.123] [Worker-Main-4/ERROR] [net.minecraft.world.entity.decoration.BlockAttachedEntity/]: Block-attached entity at invalid position: BlockPos{x=-234, y=-52, z=-702}
[26May2026 03:06:27.123] [Worker-Main-4/ERROR] [net.minecraft.world.entity.decoration.BlockAttachedEntity/]: Block-attached entity at invalid position: BlockPos{x=-221, y=-52, z=-702}
[26May2026 03:06:27.133] [Worker-Main-4/ERROR] [net.minecraft.world.entity.decoration.BlockAttachedEntity/]: Block-attached entity at invalid position: BlockPos{x=-403, y=-52, z=-425}
[26May2026 03:06:27.133] [Worker-Main-4/ERROR] [net.minecraft.world.entity.decoration.BlockAttachedEntity/]: Block-attached entity at invalid position: BlockPos{x=-410, y=-52, z=-426}
[26May2026 03:06:27.144] [Worker-Main-4/ERROR] [net.minecraft.world.entity.decoration.BlockAttachedEntity/]: Block-attached entity at invalid position: BlockPos{x=-422, y=-52, z=-391}
[26May2026 03:06:27.156] [Worker-Main-4/ERROR] [net.minecraft.world.entity.decoration.BlockAttachedEntity/]: Block-attached entity at invalid position: BlockPos{x=-394, y=-52, z=-409}
[26May2026 03:06:27.262] [Worker-Main-6/ERROR] [net.minecraft.world.entity.decoration.BlockAttachedEntity/]: Block-attached entity at invalid position: BlockPos{x=-400, y=-52, z=-422}
[26May2026 03:06:27.262] [Worker-Main-6/ERROR] [net.minecraft.world.entity.decoration.BlockAttachedEntity/]: Block-attached entity at invalid position: BlockPos{x=-396, y=-52, z=-418}
[26May2026 03:06:27.263] [Worker-Main-6/ERROR] [net.minecraft.world.entity.decoration.BlockAttachedEntity/]: Block-attached entity at invalid position: BlockPos{x=-396, y=-52, z=-409}
[26May2026 03:06:27.281] [Worker-Main-6/ERROR] [net.minecraft.world.entity.decoration.BlockAttachedEntity/]: Block-attached entity at invalid position: BlockPos{x=-427, y=-52, z=-408}
[26May2026 03:06:27.282] [Worker-Main-6/ERROR] [net.minecraft.world.entity.decoration.BlockAttachedEntity/]: Block-attached entity at invalid position: BlockPos{x=-428, y=-52, z=-407}
[26May2026 03:06:27.366] [Worker-Main-4/ERROR] [net.minecraft.world.entity.decoration.BlockAttachedEntity/]: Block-attached entity at invalid position: BlockPos{x=-414, y=-52, z=-427}
[26May2026 03:06:27.411] [Worker-Main-5/ERROR] [net.minecraft.world.entity.decoration.BlockAttachedEntity/]: Block-attached entity at invalid position: BlockPos{x=-553, y=-53, z=-830}
[26May2026 03:06:27.423] [Worker-Main-5/ERROR] [net.minecraft.world.entity.decoration.BlockAttachedEntity/]: Block-attached entity at invalid position: BlockPos{x=-396, y=-52, z=-407}
[26May2026 03:06:27.423] [Worker-Main-5/ERROR] [net.minecraft.world.entity.decoration.BlockAttachedEntity/]: Block-attached entity at invalid position: BlockPos{x=-404, y=-52, z=-397}
[26May2026 03:06:27.423] [Worker-Main-5/ERROR] [net.minecraft.world.entity.decoration.BlockAttachedEntity/]: Block-attached entity at invalid position: BlockPos{x=-399, y=-52, z=-395}
[26May2026 03:06:27.423] [Worker-Main-5/ERROR] [net.minecraft.world.entity.decoration.BlockAttachedEntity/]: Block-attached entity at invalid position: BlockPos{x=-400, y=-52, z=-394}
[26May2026 03:06:27.436] [Worker-Main-5/ERROR] [net.minecraft.world.entity.decoration.BlockAttachedEntity/]: Block-attached entity at invalid position: BlockPos{x=-420, y=-52, z=-419}
[26May2026 03:06:27.437] [Worker-Main-5/ERROR] [net.minecraft.world.entity.decoration.BlockAttachedEntity/]: Block-attached entity at invalid position: BlockPos{x=-424, y=-52, z=-422}
[26May2026 03:06:27.437] [Worker-Main-5/ERROR] [net.minecraft.world.entity.decoration.BlockAttachedEntity/]: Block-attached entity at invalid position: BlockPos{x=-428, y=-52, z=-409}
[26May2026 03:06:27.437] [Worker-Main-5/ERROR] [net.minecraft.world.entity.decoration.BlockAttachedEntity/]: Block-attached entity at invalid position: BlockPos{x=-350, y=-58, z=-499}
[26May2026 03:06:27.437] [Worker-Main-5/ERROR] [net.minecraft.world.entity.decoration.BlockAttachedEntity/]: Block-attached entity at invalid position: BlockPos{x=-349, y=-58, z=-499}
[26May2026 03:06:27.440] [Worker-Main-5/ERROR] [net.minecraft.world.entity.decoration.BlockAttachedEntity/]: Block-attached entity at invalid position: BlockPos{x=-400, y=-52, z=-552}
[26May2026 03:06:27.440] [Worker-Main-5/ERROR] [net.minecraft.world.entity.decoration.BlockAttachedEntity/]: Block-attached entity at invalid position: BlockPos{x=-400, y=-51, z=-552}
[26May2026 03:06:31.583] [Worker-Main-5/ERROR] [net.minecraft.world.level.block.entity.SculkSensorBlockEntity/]: Failed to parse vibration listener for Sculk Sensor: 'No key selector in MapLike[{event_delay:0,event_distance:3.602844f,range:8,source:{pos:[I;-404,-59,-499],type:"minecraft:block"}}]'
[26May2026 03:06:31.594] [Worker-Main-5/ERROR] [net.minecraft.world.entity.decoration.BlockAttachedEntity/]: Block-attached entity at invalid position: BlockPos{x=-323, y=-57, z=-751}
[26May2026 03:06:31.594] [Worker-Main-5/ERROR] [net.minecraft.world.entity.decoration.BlockAttachedEntity/]: Block-attached entity at invalid position: BlockPos{x=-322, y=-55, z=-752}
[26May2026 03:06:31.677] [Worker-Main-5/ERROR] [net.minecraft.world.entity.decoration.BlockAttachedEntity/]: Block-attached entity at invalid position: BlockPos{x=-361, y=-54, z=-542}
[26May2026 03:06:31.678] [Worker-Main-5/ERROR] [net.minecraft.world.entity.decoration.BlockAttachedEntity/]: Block-attached entity at invalid position: BlockPos{x=-361, y=-53, z=-542}
[26May2026 03:06:31.685] [Worker-Main-5/ERROR] [net.minecraft.world.entity.decoration.BlockAttachedEntity/]: Block-attached entity at invalid position: BlockPos{x=-323, y=-57, z=-753}
[26May2026 03:06:31.686] [Worker-Main-5/ERROR] [net.minecraft.world.entity.decoration.BlockAttachedEntity/]: Block-attached entity at invalid position: BlockPos{x=-323, y=-56, z=-754}
[26May2026 03:06:31.686] [Worker-Main-5/ERROR] [net.minecraft.world.entity.decoration.BlockAttachedEntity/]: Block-attached entity at invalid position: BlockPos{x=-322, y=-56, z=-753}
[26May2026 03:06:31.686] [Worker-Main-5/ERROR] [net.minecraft.world.entity.decoration.BlockAttachedEntity/]: Block-attached entity at invalid position: BlockPos{x=-322, y=-56, z=-755}
[26May2026 03:06:31.743] [Worker-Main-4/ERROR] [net.minecraft.world.entity.decoration.BlockAttachedEntity/]: Block-attached entity at invalid position: BlockPos{x=-422, y=-52, z=-391}
[26May2026 03:06:31.755] [Worker-Main-4/ERROR] [net.minecraft.world.entity.decoration.BlockAttachedEntity/]: Block-attached entity at invalid position: BlockPos{x=-403, y=-52, z=-425}
[26May2026 03:06:31.755] [Worker-Main-4/ERROR] [net.minecraft.world.entity.decoration.BlockAttachedEntity/]: Block-attached entity at invalid position: BlockPos{x=-410, y=-52, z=-426}
[26May2026 03:06:31.774] [Worker-Main-4/ERROR] [net.minecraft.world.entity.decoration.BlockAttachedEntity/]: Block-attached entity at invalid position: BlockPos{x=-549, y=-52, z=-829}
[26May2026 03:06:31.775] [Worker-Main-4/ERROR] [net.minecraft.world.entity.decoration.BlockAttachedEntity/]: Block-attached entity at invalid position: BlockPos{x=-551, y=-52, z=-829}
[26May2026 03:06:31.775] [Worker-Main-4/ERROR] [net.minecraft.world.entity.decoration.BlockAttachedEntity/]: Block-attached entity at invalid position: BlockPos{x=-552, y=-51, z=-829}
[26May2026 03:06:31.775] [Worker-Main-4/ERROR] [net.minecraft.world.entity.decoration.BlockAttachedEntity/]: Block-attached entity at invalid position: BlockPos{x=-552, y=-51, z=-827}
[26May2026 03:06:31.775] [Worker-Main-4/ERROR] [net.minecraft.world.entity.decoration.BlockAttachedEntity/]: Block-attached entity at invalid position: BlockPos{x=-551, y=-53, z=-830}
[26May2026 03:06:31.775] [Worker-Main-4/ERROR] [net.minecraft.world.entity.decoration.BlockAttachedEntity/]: Block-attached entity at invalid position: BlockPos{x=-550, y=-52, z=-830}
[26May2026 03:06:31.805] [Worker-Main-4/ERROR] [net.minecraft.world.entity.decoration.BlockAttachedEntity/]: Block-attached entity at invalid position: BlockPos{x=-400, y=-52, z=-422}
[26May2026 03:06:31.821] [Worker-Main-4/ERROR] [net.minecraft.world.entity.decoration.BlockAttachedEntity/]: Block-attached entity at invalid position: BlockPos{x=-396, y=-51, z=-611}
[26May2026 03:06:31.821] [Worker-Main-4/ERROR] [net.minecraft.world.entity.decoration.BlockAttachedEntity/]: Block-attached entity at invalid position: BlockPos{x=-396, y=-50, z=-610}
[26May2026 03:06:31.869] [Worker-Main-4/ERROR] [net.minecraft.world.entity.decoration.BlockAttachedEntity/]: Block-attached entity at invalid position: BlockPos{x=-420, y=-52, z=-419}
[26May2026 03:06:31.869] [Worker-Main-4/ERROR] [net.minecraft.world.entity.decoration.BlockAttachedEntity/]: Block-attached entity at invalid position: BlockPos{x=-424, y=-52, z=-422}
[26May2026 03:06:31.869] [Worker-Main-4/ERROR] [net.minecraft.world.entity.decoration.BlockAttachedEntity/]: Block-attached entity at invalid position: BlockPos{x=-427, y=-52, z=-408}
[26May2026 03:06:31.882] [Worker-Main-4/ERROR] [net.minecraft.world.entity.decoration.BlockAttachedEntity/]: Block-attached entity at invalid position: BlockPos{x=-404, y=-52, z=-397}
[26May2026 03:06:31.882] [Worker-Main-4/ERROR] [net.minecraft.world.entity.decoration.BlockAttachedEntity/]: Block-attached entity at invalid position: BlockPos{x=-399, y=-52, z=-395}
[26May2026 03:06:31.882] [Worker-Main-4/ERROR] [net.minecraft.world.entity.decoration.BlockAttachedEntity/]: Block-attached entity at invalid position: BlockPos{x=-400, y=-52, z=-394}
[26May2026 03:06:31.891] [Worker-Main-4/ERROR] [net.minecraft.world.entity.decoration.BlockAttachedEntity/]: Block-attached entity at invalid position: BlockPos{x=-403, y=-58, z=-503}
[26May2026 03:06:31.937] [Worker-Main-5/ERROR] [net.minecraft.world.entity.decoration.BlockAttachedEntity/]: Block-attached entity at invalid position: BlockPos{x=-414, y=-52, z=-427}
[26May2026 03:06:31.957] [Worker-Main-5/ERROR] [net.minecraft.world.entity.decoration.BlockAttachedEntity/]: Block-attached entity at invalid position: BlockPos{x=-393, y=-52, z=-408}
[26May2026 03:06:31.958] [Worker-Main-5/ERROR] [net.minecraft.world.entity.decoration.BlockAttachedEntity/]: Block-attached entity at invalid position: BlockPos{x=-393, y=-52, z=-400}
[26May2026 03:06:32.078] [Worker-Main-5/ERROR] [net.minecraft.world.entity.decoration.BlockAttachedEntity/]: Block-attached entity at invalid position: BlockPos{x=-373, y=-58, z=-499}
[26May2026 03:06:32.094] [Worker-Main-5/ERROR] [net.minecraft.world.entity.decoration.BlockAttachedEntity/]: Block-attached entity at invalid position: BlockPos{x=-396, y=-52, z=-407}
[26May2026 03:06:32.094] [Worker-Main-5/ERROR] [net.minecraft.world.entity.decoration.BlockAttachedEntity/]: Block-attached entity at invalid position: BlockPos{x=-404, y=-52, z=-397}
[26May2026 03:06:32.094] [Worker-Main-5/ERROR] [net.minecraft.world.entity.decoration.BlockAttachedEntity/]: Block-attached entity at invalid position: BlockPos{x=-399, y=-52, z=-395}
[26May2026 03:06:32.094] [Worker-Main-5/ERROR] [net.minecraft.world.entity.decoration.BlockAttachedEntity/]: Block-attached entity at invalid position: BlockPos{x=-400, y=-52, z=-394}
[26May2026 03:06:32.116] [Worker-Main-5/ERROR] [net.minecraft.world.entity.decoration.BlockAttachedEntity/]: Block-attached entity at invalid position: BlockPos{x=-410, y=-57, z=-496}
[26May2026 03:06:32.116] [Worker-Main-5/ERROR] [net.minecraft.world.entity.decoration.BlockAttachedEntity/]: Block-attached entity at invalid position: BlockPos{x=-349, y=-58, z=-497}
[26May2026 03:06:32.157] [Worker-Main-5/ERROR] [net.minecraft.world.entity.decoration.BlockAttachedEntity/]: Block-attached entity at invalid position: BlockPos{x=-403, y=-58, z=-503}
[26May2026 03:06:32.169] [Worker-Main-5/ERROR] [net.minecraft.world.entity.decoration.BlockAttachedEntity/]: Block-attached entity at invalid position: BlockPos{x=-396, y=-51, z=-611}
[26May2026 03:06:32.169] [Worker-Main-5/ERROR] [net.minecraft.world.entity.decoration.BlockAttachedEntity/]: Block-attached entity at invalid position: BlockPos{x=-396, y=-50, z=-610}
[26May2026 03:06:32.170] [Worker-Main-5/ERROR] [net.minecraft.world.entity.decoration.BlockAttachedEntity/]: Block-attached entity at invalid position: BlockPos{x=-346, y=-57, z=-497}
[26May2026 03:06:32.201] [Worker-Main-5/ERROR] [net.minecraft.world.entity.decoration.BlockAttachedEntity/]: Block-attached entity at invalid position: BlockPos{x=-346, y=-57, z=-497}
[26May2026 03:06:32.212] [Worker-Main-5/ERROR] [net.minecraft.world.entity.decoration.BlockAttachedEntity/]: Block-attached entity at invalid position: BlockPos{x=-409, y=-57, z=-497}
[26May2026 03:06:32.212] [Worker-Main-5/ERROR] [net.minecraft.world.entity.decoration.BlockAttachedEntity/]: Block-attached entity at invalid position: BlockPos{x=-410, y=-57, z=-496}
[26May2026 03:06:32.212] [Worker-Main-5/ERROR] [net.minecraft.world.entity.decoration.BlockAttachedEntity/]: Block-attached entity at invalid position: BlockPos{x=-409, y=-57, z=-497}
[26May2026 03:06:32.213] [Worker-Main-5/ERROR] [net.minecraft.world.entity.decoration.BlockAttachedEntity/]: Block-attached entity at invalid position: BlockPos{x=-373, y=-58, z=-499}
[26May2026 03:06:32.335] [Worker-Main-6/ERROR] [net.minecraft.world.entity.decoration.BlockAttachedEntity/]: Block-attached entity at invalid position: BlockPos{x=-427, y=-52, z=-408}
[26May2026 03:06:32.335] [Worker-Main-6/ERROR] [net.minecraft.world.entity.decoration.BlockAttachedEntity/]: Block-attached entity at invalid position: BlockPos{x=-428, y=-52, z=-407}
[26May2026 03:06:32.335] [Worker-Main-6/ERROR] [net.minecraft.world.entity.decoration.BlockAttachedEntity/]: Block-attached entity at invalid position: BlockPos{x=-429, y=-52, z=-408}
[26May2026 03:06:32.336] [Worker-Main-6/ERROR] [net.minecraft.world.entity.decoration.BlockAttachedEntity/]: Block-attached entity at invalid position: BlockPos{x=-432, y=-52, z=-404}
[26May2026 03:06:32.336] [Worker-Main-6/ERROR] [net.minecraft.world.entity.decoration.BlockAttachedEntity/]: Block-attached entity at invalid position: BlockPos{x=-432, y=-52, z=-402}
[26May2026 03:06:32.727] [Worker-Main-4/ERROR] [net.minecraft.world.entity.decoration.BlockAttachedEntity/]: Block-attached entity at invalid position: BlockPos{x=-403, y=-58, z=-503}
[26May2026 03:06:32.728] [Worker-Main-4/ERROR] [net.minecraft.world.entity.decoration.BlockAttachedEntity/]: Block-attached entity at invalid position: BlockPos{x=-247, y=-58, z=-588}
[26May2026 03:06:32.787] [Worker-Main-4/ERROR] [net.minecraft.world.entity.decoration.BlockAttachedEntity/]: Block-attached entity at invalid position: BlockPos{x=-362, y=-51, z=-548}
[26May2026 03:06:32.804] [Worker-Main-4/ERROR] [net.minecraft.world.entity.decoration.BlockAttachedEntity/]: Block-attached entity at invalid position: BlockPos{x=-361, y=-58, z=-502}
[26May2026 03:06:32.812] [Worker-Main-4/ERROR] [net.minecraft.world.entity.decoration.BlockAttachedEntity/]: Block-attached entity at invalid position: BlockPos{x=-245, y=-56, z=-571}
[26May2026 03:06:32.882] [Worker-Main-6/ERROR] [net.minecraft.world.entity.decoration.BlockAttachedEntity/]: Block-attached entity at invalid position: BlockPos{x=-234, y=-52, z=-702}
[26May2026 03:06:32.969] [Worker-Main-6/ERROR] [net.minecraft.world.entity.decoration.BlockAttachedEntity/]: Block-attached entity at invalid position: BlockPos{x=-221, y=-52, z=-702}
[26May2026 03:06:33.020] [Worker-Main-4/ERROR] [net.minecraft.world.entity.decoration.BlockAttachedEntity/]: Block-attached entity at invalid position: BlockPos{x=-361, y=-54, z=-542}
[26May2026 03:06:33.021] [Worker-Main-4/ERROR] [net.minecraft.world.entity.decoration.BlockAttachedEntity/]: Block-attached entity at invalid position: BlockPos{x=-361, y=-53, z=-542}
[26May2026 03:07:31.810] [Server thread/INFO] [dev.ryanhcode.sable.Sable/]: Saving sub-levels for level 'ServerLevel[world]'/minecraft:overworld
[26May2026 03:07:31.852] [Server thread/WARN] [net.montoyo.wd.utilities.Log/]: Could not save last minePad ID (0) to /wd_next.txt. I'm afraid this might break all minePads.
java.io.FileNotFoundException: /wd_next.txt (Permission denied)
	at java.base/java.io.FileOutputStream.open0(Native Method) ~[?:?]
	at java.base/java.io.FileOutputStream.open(FileOutputStream.java:289) ~[?:?]
	at java.base/java.io.FileOutputStream.<init>(FileOutputStream.java:230) ~[?:?]
	at java.base/java.io.FileOutputStream.<init>(FileOutputStream.java:179) ~[?:?]
	at java.base/java.io.FileWriter.<init>(FileWriter.java:98) ~[?:?]
	at TRANSFORMER/webdisplays@2.0.0/net.montoyo.wd.WebDisplays.onWorldSave(WebDisplays.java:242) ~[WebDisplays-REMASTER-2.0.0.jar%23352!/:2.0.0]
	at MC-BOOTSTRAP/net.neoforged.bus/net.neoforged.bus.EventBus.post(EventBus.java:360) ~[bus-8.0.5.jar%2360!/:?]
	at MC-BOOTSTRAP/net.neoforged.bus/net.neoforged.bus.EventBus.post(EventBus.java:328) ~[bus-8.0.5.jar%2360!/:?]
	at TRANSFORMER/minecraft@1.21.1/net.minecraft.server.level.ServerLevel.save(ServerLevel.java:825) ~[server-1.21.1-20240808.144430-srg.jar%23233!/:?]
	at TRANSFORMER/minecraft@1.21.1/net.minecraft.server.MinecraftServer.saveAllChunks(MinecraftServer.java:551) ~[server-1.21.1-20240808.144430-srg.jar%23233!/:?]
	at TRANSFORMER/minecraft@1.21.1/net.minecraft.server.MinecraftServer.saveEverything(MinecraftServer.java:576) ~[server-1.21.1-20240808.144430-srg.jar%23233!/:?]
	at TRANSFORMER/minecraft@1.21.1/net.minecraft.server.MinecraftServer.tickServer(MinecraftServer.java:929) ~[server-1.21.1-20240808.144430-srg.jar%23233!/:?]
	at TRANSFORMER/minecraft@1.21.1/net.minecraft.server.MinecraftServer.runServer(MinecraftServer.java:707) ~[server-1.21.1-20240808.144430-srg.jar%23233!/:?]
	at TRANSFORMER/minecraft@1.21.1/net.minecraft.server.MinecraftServer.lambda$spin$2(MinecraftServer.java:267) ~[server-1.21.1-20240808.144430-srg.jar%23233!/:?]
	at java.base/java.lang.Thread.run(Thread.java:1583) [?:?]
[26May2026 03:07:31.853] [Server thread/INFO] [dev.ryanhcode.sable.Sable/]: Saving sub-levels for level 'ServerLevel[world]'/minecraft:the_nether
[26May2026 03:07:31.854] [Server thread/INFO] [dev.ryanhcode.sable.Sable/]: Saving sub-levels for level 'ServerLevel[world]'/createteleporters:pocket_dimension
[26May2026 03:07:31.854] [Server thread/INFO] [dev.ryanhcode.sable.Sable/]: Saving sub-levels for level 'ServerLevel[world]'/aether:the_aether
[26May2026 03:07:31.858] [Server thread/INFO] [dev.ryanhcode.sable.Sable/]: Saving sub-levels for level 'ServerLevel[world]'/minecraft:the_end
[26May2026 03:08:04.290] [Worker-Main-5/ERROR] [net.minecraft.world.entity.decoration.BlockAttachedEntity/]: Block-attached entity at invalid position: BlockPos{x=-422, y=-52, z=-391}
[26May2026 03:08:04.337] [Worker-Main-4/ERROR] [net.minecraft.world.entity.decoration.BlockAttachedEntity/]: Block-attached entity at invalid position: BlockPos{x=-213, y=-52, z=-702}
[26May2026 03:08:04.337] [Worker-Main-4/ERROR] [net.minecraft.world.entity.decoration.BlockAttachedEntity/]: Block-attached entity at invalid position: BlockPos{x=-200, y=-52, z=-702}
[26May2026 03:08:27.620] [pool-6-thread-1/INFO] [Supplementaries/]: Searching for closest structure among [minecraft:village_snowy, minecraft:village_taiga, minecraft:village_plains, minecraft:village_savanna, minecraft:village_desert] from position BlockPos{x=1579, y=71, z=2133}
[26May2026 03:08:30.333] [Server thread/WARN] [net.minecraft.server.MinecraftServer/]: Can't keep up! Is the server overloaded? Running 2645ms or 52 ticks behind
[26May2026 03:08:30.366] [Server thread/WARN] [net.minecraft.server.network.ServerGamePacketListenerImpl/]: GOAT-10 moved too quickly! 7.733486313603635,-1.1767592750642422,6.562118174818579
[26May2026 03:08:30.381] [pool-6-thread-1/INFO] [Supplementaries/]: 
 Structure locator found 2 structures: 
minecraft:village_savanna at BlockPos{x=1344, y=0, z=2480}, dist = 425.0588194591426
minecraft:village_plains at BlockPos{x=672, y=0, z=2192}, dist = 911.6858011398444
[26May2026 03:08:47.607] [Server thread/INFO] [net.minecraft.server.MinecraftServer/]: [ElFenix09: Set the weather to clear]
[26May2026 03:09:35.365] [Server thread/INFO] [net.minecraft.server.MinecraftServer/]: GOAT-10 has made the advancement [Hunt and Gather]
[26May2026 03:10:05.603] [Worker-Main-6/ERROR] [net.minecraft.world.item.ItemStack/]: Tried to load invalid item: 'Item must not be minecraft:air'
[26May2026 03:10:05.604] [Worker-Main-6/ERROR] [net.minecraft.world.item.ItemStack/]: Tried to load invalid item: 'Item must not be minecraft:air'
[26May2026 03:10:43.661] [Worker-Main-6/WARN] [net.minecraft.world.level.levelgen.structure.pools.JigsawPlacement/]: Empty or non-existent pool: create_easy_structures:undergroundtrain_station
[26May2026 03:10:43.663] [Worker-Main-6/WARN] [net.minecraft.world.level.levelgen.structure.pools.JigsawPlacement/]: Empty or non-existent pool: create_easy_structures:undergroundtrain_station
[26May2026 03:10:43.668] [Worker-Main-6/WARN] [net.minecraft.world.level.levelgen.structure.pools.JigsawPlacement/]: Empty or non-existent pool: create_easy_structures:undergroundtrain_station
[26May2026 03:10:43.671] [Worker-Main-6/WARN] [net.minecraft.world.level.levelgen.structure.pools.JigsawPlacement/]: Empty or non-existent pool: create_easy_structures:undergroundtrain_station
[26May2026 03:10:43.673] [Worker-Main-6/WARN] [net.minecraft.world.level.levelgen.structure.pools.JigsawPlacement/]: Empty or non-existent pool: create_easy_structures:undergroundtrain_station
[26May2026 03:10:43.680] [Worker-Main-6/WARN] [net.minecraft.world.level.levelgen.structure.pools.JigsawPlacement/]: Empty or non-existent pool: create_easy_structures:undergroundtrain_station
[26May2026 03:12:20.777] [Worker-Main-4/WARN] [net.minecraft.world.level.levelgen.structure.pools.JigsawPlacement/]: Empty or non-existent pool: minecraft:
[26May2026 03:12:20.803] [Worker-Main-4/WARN] [net.minecraft.world.level.levelgen.structure.pools.JigsawPlacement/]: Empty or non-existent pool: minecraft:
[26May2026 03:12:27.325] [Worker-Main-5/ERROR] [net.minecraft.world.item.ItemStack/]: Tried to load invalid item: 'Item must not be minecraft:air'
[26May2026 03:12:34.402] [Server thread/INFO] [dev.ryanhcode.sable.Sable/]: Saving sub-levels for level 'ServerLevel[world]'/minecraft:overworld
[26May2026 03:12:34.445] [Server thread/WARN] [net.montoyo.wd.utilities.Log/]: Could not save last minePad ID (0) to /wd_next.txt. I'm afraid this might break all minePads.
java.io.FileNotFoundException: /wd_next.txt (Permission denied)
	at java.base/java.io.FileOutputStream.open0(Native Method) ~[?:?]
	at java.base/java.io.FileOutputStream.open(FileOutputStream.java:289) ~[?:?]
	at java.base/java.io.FileOutputStream.<init>(FileOutputStream.java:230) ~[?:?]
	at java.base/java.io.FileOutputStream.<init>(FileOutputStream.java:179) ~[?:?]
	at java.base/java.io.FileWriter.<init>(FileWriter.java:98) ~[?:?]
	at TRANSFORMER/webdisplays@2.0.0/net.montoyo.wd.WebDisplays.onWorldSave(WebDisplays.java:242) ~[WebDisplays-REMASTER-2.0.0.jar%23352!/:2.0.0]
	at MC-BOOTSTRAP/net.neoforged.bus/net.neoforged.bus.EventBus.post(EventBus.java:360) ~[bus-8.0.5.jar%2360!/:?]
	at MC-BOOTSTRAP/net.neoforged.bus/net.neoforged.bus.EventBus.post(EventBus.java:328) ~[bus-8.0.5.jar%2360!/:?]
	at TRANSFORMER/minecraft@1.21.1/net.minecraft.server.level.ServerLevel.save(ServerLevel.java:825) ~[server-1.21.1-20240808.144430-srg.jar%23233!/:?]
	at TRANSFORMER/minecraft@1.21.1/net.minecraft.server.MinecraftServer.saveAllChunks(MinecraftServer.java:551) ~[server-1.21.1-20240808.144430-srg.jar%23233!/:?]
	at TRANSFORMER/minecraft@1.21.1/net.minecraft.server.MinecraftServer.saveEverything(MinecraftServer.java:576) ~[server-1.21.1-20240808.144430-srg.jar%23233!/:?]
	at TRANSFORMER/minecraft@1.21.1/net.minecraft.server.MinecraftServer.tickServer(MinecraftServer.java:929) ~[server-1.21.1-20240808.144430-srg.jar%23233!/:?]
	at TRANSFORMER/minecraft@1.21.1/net.minecraft.server.MinecraftServer.runServer(MinecraftServer.java:707) ~[server-1.21.1-20240808.144430-srg.jar%23233!/:?]
	at TRANSFORMER/minecraft@1.21.1/net.minecraft.server.MinecraftServer.lambda$spin$2(MinecraftServer.java:267) ~[server-1.21.1-20240808.144430-srg.jar%23233!/:?]
	at java.base/java.lang.Thread.run(Thread.java:1583) [?:?]
[26May2026 03:12:34.446] [Server thread/INFO] [dev.ryanhcode.sable.Sable/]: Saving sub-levels for level 'ServerLevel[world]'/minecraft:the_nether
[26May2026 03:12:34.451] [Server thread/INFO] [dev.ryanhcode.sable.Sable/]: Saving sub-levels for level 'ServerLevel[world]'/createteleporters:pocket_dimension
[26May2026 03:12:34.451] [Server thread/INFO] [dev.ryanhcode.sable.Sable/]: Saving sub-levels for level 'ServerLevel[world]'/aether:the_aether
[26May2026 03:12:34.454] [Server thread/INFO] [dev.ryanhcode.sable.Sable/]: Saving sub-levels for level 'ServerLevel[world]'/minecraft:the_end
[26May2026 03:16:20.332] [Worker-Main-4/ERROR] [net.minecraft.world.entity.decoration.BlockAttachedEntity/]: Block-attached entity at invalid position: BlockPos{x=-78, y=-59, z=149}
[26May2026 03:16:20.333] [Worker-Main-4/ERROR] [net.minecraft.world.entity.decoration.BlockAttachedEntity/]: Block-attached entity at invalid position: BlockPos{x=-76, y=-59, z=145}
[26May2026 03:16:38.417] [Server thread/WARN] [tombstone/]: The death event of the player GOAT-10 was canceled by another mod
[26May2026 03:16:38.464] [Server thread/INFO] [tombstone/]: The player GOAT-10 has successfully been saved
[26May2026 03:16:44.776] [Server thread/INFO] [net.minecraft.server.MinecraftServer/]: GOAT-10 fell from a high place
[26May2026 03:17:02.656] [Server thread/INFO] [net.minecraft.server.MinecraftServer/]: [ElFenix09: Teleported GOAT-10 to ElFenix09]
[26May2026 03:17:34.394] [Server thread/INFO] [dev.ryanhcode.sable.Sable/]: Saving sub-levels for level 'ServerLevel[world]'/minecraft:overworld
[26May2026 03:17:34.425] [Server thread/WARN] [net.montoyo.wd.utilities.Log/]: Could not save last minePad ID (0) to /wd_next.txt. I'm afraid this might break all minePads.
java.io.FileNotFoundException: /wd_next.txt (Permission denied)
	at java.base/java.io.FileOutputStream.open0(Native Method) ~[?:?]
	at java.base/java.io.FileOutputStream.open(FileOutputStream.java:289) ~[?:?]
	at java.base/java.io.FileOutputStream.<init>(FileOutputStream.java:230) ~[?:?]
	at java.base/java.io.FileOutputStream.<init>(FileOutputStream.java:179) ~[?:?]
	at java.base/java.io.FileWriter.<init>(FileWriter.java:98) ~[?:?]
	at TRANSFORMER/webdisplays@2.0.0/net.montoyo.wd.WebDisplays.onWorldSave(WebDisplays.java:242) ~[WebDisplays-REMASTER-2.0.0.jar%23352!/:2.0.0]
	at MC-BOOTSTRAP/net.neoforged.bus/net.neoforged.bus.EventBus.post(EventBus.java:360) ~[bus-8.0.5.jar%2360!/:?]
	at MC-BOOTSTRAP/net.neoforged.bus/net.neoforged.bus.EventBus.post(EventBus.java:328) ~[bus-8.0.5.jar%2360!/:?]
	at TRANSFORMER/minecraft@1.21.1/net.minecraft.server.level.ServerLevel.save(ServerLevel.java:825) ~[server-1.21.1-20240808.144430-srg.jar%23233!/:?]
	at TRANSFORMER/minecraft@1.21.1/net.minecraft.server.MinecraftServer.saveAllChunks(MinecraftServer.java:551) ~[server-1.21.1-20240808.144430-srg.jar%23233!/:?]
	at TRANSFORMER/minecraft@1.21.1/net.minecraft.server.MinecraftServer.saveEverything(MinecraftServer.java:576) ~[server-1.21.1-20240808.144430-srg.jar%23233!/:?]
	at TRANSFORMER/minecraft@1.21.1/net.minecraft.server.MinecraftServer.tickServer(MinecraftServer.java:929) ~[server-1.21.1-20240808.144430-srg.jar%23233!/:?]
	at TRANSFORMER/minecraft@1.21.1/net.minecraft.server.MinecraftServer.runServer(MinecraftServer.java:707) ~[server-1.21.1-20240808.144430-srg.jar%23233!/:?]
	at TRANSFORMER/minecraft@1.21.1/net.minecraft.server.MinecraftServer.lambda$spin$2(MinecraftServer.java:267) ~[server-1.21.1-20240808.144430-srg.jar%23233!/:?]
	at java.base/java.lang.Thread.run(Thread.java:1583) [?:?]
[26May2026 03:17:34.427] [Server thread/INFO] [dev.ryanhcode.sable.Sable/]: Saving sub-levels for level 'ServerLevel[world]'/minecraft:the_nether
[26May2026 03:17:34.432] [Server thread/INFO] [dev.ryanhcode.sable.Sable/]: Saving sub-levels for level 'ServerLevel[world]'/createteleporters:pocket_dimension
[26May2026 03:17:34.432] [Server thread/INFO] [dev.ryanhcode.sable.Sable/]: Saving sub-levels for level 'ServerLevel[world]'/aether:the_aether
[26May2026 03:17:34.435] [Server thread/INFO] [dev.ryanhcode.sable.Sable/]: Saving sub-levels for level 'ServerLevel[world]'/minecraft:the_end
[26May2026 03:22:34.403] [Server thread/INFO] [dev.ryanhcode.sable.Sable/]: Saving sub-levels for level 'ServerLevel[world]'/minecraft:overworld
[26May2026 03:22:34.435] [Server thread/WARN] [net.montoyo.wd.utilities.Log/]: Could not save last minePad ID (0) to /wd_next.txt. I'm afraid this might break all minePads.
java.io.FileNotFoundException: /wd_next.txt (Permission denied)
	at java.base/java.io.FileOutputStream.open0(Native Method) ~[?:?]
	at java.base/java.io.FileOutputStream.open(FileOutputStream.java:289) ~[?:?]
	at java.base/java.io.FileOutputStream.<init>(FileOutputStream.java:230) ~[?:?]
	at java.base/java.io.FileOutputStream.<init>(FileOutputStream.java:179) ~[?:?]
	at java.base/java.io.FileWriter.<init>(FileWriter.java:98) ~[?:?]
	at TRANSFORMER/webdisplays@2.0.0/net.montoyo.wd.WebDisplays.onWorldSave(WebDisplays.java:242) ~[WebDisplays-REMASTER-2.0.0.jar%23352!/:2.0.0]
	at MC-BOOTSTRAP/net.neoforged.bus/net.neoforged.bus.EventBus.post(EventBus.java:360) ~[bus-8.0.5.jar%2360!/:?]
	at MC-BOOTSTRAP/net.neoforged.bus/net.neoforged.bus.EventBus.post(EventBus.java:328) ~[bus-8.0.5.jar%2360!/:?]
	at TRANSFORMER/minecraft@1.21.1/net.minecraft.server.level.ServerLevel.save(ServerLevel.java:825) ~[server-1.21.1-20240808.144430-srg.jar%23233!/:?]
	at TRANSFORMER/minecraft@1.21.1/net.minecraft.server.MinecraftServer.saveAllChunks(MinecraftServer.java:551) ~[server-1.21.1-20240808.144430-srg.jar%23233!/:?]
	at TRANSFORMER/minecraft@1.21.1/net.minecraft.server.MinecraftServer.saveEverything(MinecraftServer.java:576) ~[server-1.21.1-20240808.144430-srg.jar%23233!/:?]
	at TRANSFORMER/minecraft@1.21.1/net.minecraft.server.MinecraftServer.tickServer(MinecraftServer.java:929) ~[server-1.21.1-20240808.144430-srg.jar%23233!/:?]
	at TRANSFORMER/minecraft@1.21.1/net.minecraft.server.MinecraftServer.runServer(MinecraftServer.java:707) ~[server-1.21.1-20240808.144430-srg.jar%23233!/:?]
	at TRANSFORMER/minecraft@1.21.1/net.minecraft.server.MinecraftServer.lambda$spin$2(MinecraftServer.java:267) ~[server-1.21.1-20240808.144430-srg.jar%23233!/:?]
	at java.base/java.lang.Thread.run(Thread.java:1583) [?:?]
[26May2026 03:22:34.436] [Server thread/INFO] [dev.ryanhcode.sable.Sable/]: Saving sub-levels for level 'ServerLevel[world]'/minecraft:the_nether
[26May2026 03:22:34.439] [Server thread/INFO] [dev.ryanhcode.sable.Sable/]: Saving sub-levels for level 'ServerLevel[world]'/createteleporters:pocket_dimension
[26May2026 03:22:34.439] [Server thread/INFO] [dev.ryanhcode.sable.Sable/]: Saving sub-levels for level 'ServerLevel[world]'/aether:the_aether
[26May2026 03:22:34.442] [Server thread/INFO] [dev.ryanhcode.sable.Sable/]: Saving sub-levels for level 'ServerLevel[world]'/minecraft:the_end
[26May2026 03:22:49.014] [Server thread/INFO] [net.minecraft.server.MinecraftServer/]: GOAT-10 has reached the goal [Fighting Nightmares]
[26May2026 03:24:09.047] [Server thread/WARN] [tombstone/]: The death event of the player GOAT-10 was canceled by another mod
[26May2026 03:24:09.056] [Server thread/INFO] [tombstone/]: The player GOAT-10 has successfully been saved
[26May2026 03:24:17.429] [Server thread/INFO] [net.minecraft.server.MinecraftServer/]: GOAT-10 was slain by Skeleton Thrasher
[26May2026 03:26:03.464] [Server thread/INFO] [net.minecraft.server.MinecraftServer/]: [ElFenix09: Teleported GOAT-10 to ElFenix09]
[26May2026 03:27:34.393] [Server thread/INFO] [dev.ryanhcode.sable.Sable/]: Saving sub-levels for level 'ServerLevel[world]'/minecraft:overworld
[26May2026 03:27:34.436] [Server thread/WARN] [net.montoyo.wd.utilities.Log/]: Could not save last minePad ID (0) to /wd_next.txt. I'm afraid this might break all minePads.
java.io.FileNotFoundException: /wd_next.txt (Permission denied)
	at java.base/java.io.FileOutputStream.open0(Native Method) ~[?:?]
	at java.base/java.io.FileOutputStream.open(FileOutputStream.java:289) ~[?:?]
	at java.base/java.io.FileOutputStream.<init>(FileOutputStream.java:230) ~[?:?]
	at java.base/java.io.FileOutputStream.<init>(FileOutputStream.java:179) ~[?:?]
	at java.base/java.io.FileWriter.<init>(FileWriter.java:98) ~[?:?]
	at TRANSFORMER/webdisplays@2.0.0/net.montoyo.wd.WebDisplays.onWorldSave(WebDisplays.java:242) ~[WebDisplays-REMASTER-2.0.0.jar%23352!/:2.0.0]
	at MC-BOOTSTRAP/net.neoforged.bus/net.neoforged.bus.EventBus.post(EventBus.java:360) ~[bus-8.0.5.jar%2360!/:?]
	at MC-BOOTSTRAP/net.neoforged.bus/net.neoforged.bus.EventBus.post(EventBus.java:328) ~[bus-8.0.5.jar%2360!/:?]
	at TRANSFORMER/minecraft@1.21.1/net.minecraft.server.level.ServerLevel.save(ServerLevel.java:825) ~[server-1.21.1-20240808.144430-srg.jar%23233!/:?]
	at TRANSFORMER/minecraft@1.21.1/net.minecraft.server.MinecraftServer.saveAllChunks(MinecraftServer.java:551) ~[server-1.21.1-20240808.144430-srg.jar%23233!/:?]
	at TRANSFORMER/minecraft@1.21.1/net.minecraft.server.MinecraftServer.saveEverything(MinecraftServer.java:576) ~[server-1.21.1-20240808.144430-srg.jar%23233!/:?]
	at TRANSFORMER/minecraft@1.21.1/net.minecraft.server.MinecraftServer.tickServer(MinecraftServer.java:929) ~[server-1.21.1-20240808.144430-srg.jar%23233!/:?]
	at TRANSFORMER/minecraft@1.21.1/net.minecraft.server.MinecraftServer.runServer(MinecraftServer.java:707) ~[server-1.21.1-20240808.144430-srg.jar%23233!/:?]
	at TRANSFORMER/minecraft@1.21.1/net.minecraft.server.MinecraftServer.lambda$spin$2(MinecraftServer.java:267) ~[server-1.21.1-20240808.144430-srg.jar%23233!/:?]
	at java.base/java.lang.Thread.run(Thread.java:1583) [?:?]
[26May2026 03:27:34.437] [Server thread/INFO] [dev.ryanhcode.sable.Sable/]: Saving sub-levels for level 'ServerLevel[world]'/minecraft:the_nether
[26May2026 03:27:34.443] [Server thread/INFO] [dev.ryanhcode.sable.Sable/]: Saving sub-levels for level 'ServerLevel[world]'/createteleporters:pocket_dimension
[26May2026 03:27:34.444] [Server thread/INFO] [dev.ryanhcode.sable.Sable/]: Saving sub-levels for level 'ServerLevel[world]'/aether:the_aether
[26May2026 03:27:34.446] [Server thread/INFO] [dev.ryanhcode.sable.Sable/]: Saving sub-levels for level 'ServerLevel[world]'/minecraft:the_end
[26May2026 03:30:06.200] [Server thread/WARN] [tombstone/]: The death event of the player GOAT-10 was canceled by another mod
[26May2026 03:30:06.207] [Server thread/INFO] [tombstone/]: The player GOAT-10 has successfully been saved
[26May2026 03:31:34.744] [Server thread/WARN] [tombstone/]: The death event of the player GOAT-10 was canceled by another mod
[26May2026 03:31:34.754] [Server thread/INFO] [tombstone/]: The player GOAT-10 has successfully been saved
[26May2026 03:31:37.696] [Server thread/INFO] [net.minecraft.server.MinecraftServer/]: GOAT-10 was impaled by a Mechanical Drill
[26May2026 03:31:37.711] [Server thread/INFO] [tombstone/]: The player GOAT-10 has successfully been saved
[26May2026 03:32:34.398] [Server thread/INFO] [dev.ryanhcode.sable.Sable/]: Saving sub-levels for level 'ServerLevel[world]'/minecraft:overworld
[26May2026 03:32:34.439] [Server thread/WARN] [net.montoyo.wd.utilities.Log/]: Could not save last minePad ID (0) to /wd_next.txt. I'm afraid this might break all minePads.
java.io.FileNotFoundException: /wd_next.txt (Permission denied)
	at java.base/java.io.FileOutputStream.open0(Native Method) ~[?:?]
	at java.base/java.io.FileOutputStream.open(FileOutputStream.java:289) ~[?:?]
	at java.base/java.io.FileOutputStream.<init>(FileOutputStream.java:230) ~[?:?]
	at java.base/java.io.FileOutputStream.<init>(FileOutputStream.java:179) ~[?:?]
	at java.base/java.io.FileWriter.<init>(FileWriter.java:98) ~[?:?]
	at TRANSFORMER/webdisplays@2.0.0/net.montoyo.wd.WebDisplays.onWorldSave(WebDisplays.java:242) ~[WebDisplays-REMASTER-2.0.0.jar%23352!/:2.0.0]
	at MC-BOOTSTRAP/net.neoforged.bus/net.neoforged.bus.EventBus.post(EventBus.java:360) ~[bus-8.0.5.jar%2360!/:?]
	at MC-BOOTSTRAP/net.neoforged.bus/net.neoforged.bus.EventBus.post(EventBus.java:328) ~[bus-8.0.5.jar%2360!/:?]
	at TRANSFORMER/minecraft@1.21.1/net.minecraft.server.level.ServerLevel.save(ServerLevel.java:825) ~[server-1.21.1-20240808.144430-srg.jar%23233!/:?]
	at TRANSFORMER/minecraft@1.21.1/net.minecraft.server.MinecraftServer.saveAllChunks(MinecraftServer.java:551) ~[server-1.21.1-20240808.144430-srg.jar%23233!/:?]
	at TRANSFORMER/minecraft@1.21.1/net.minecraft.server.MinecraftServer.saveEverything(MinecraftServer.java:576) ~[server-1.21.1-20240808.144430-srg.jar%23233!/:?]
	at TRANSFORMER/minecraft@1.21.1/net.minecraft.server.MinecraftServer.tickServer(MinecraftServer.java:929) ~[server-1.21.1-20240808.144430-srg.jar%23233!/:?]
	at TRANSFORMER/minecraft@1.21.1/net.minecraft.server.MinecraftServer.runServer(MinecraftServer.java:707) ~[server-1.21.1-20240808.144430-srg.jar%23233!/:?]
	at TRANSFORMER/minecraft@1.21.1/net.minecraft.server.MinecraftServer.lambda$spin$2(MinecraftServer.java:267) ~[server-1.21.1-20240808.144430-srg.jar%23233!/:?]
	at java.base/java.lang.Thread.run(Thread.java:1583) [?:?]
[26May2026 03:32:34.440] [Server thread/INFO] [dev.ryanhcode.sable.Sable/]: Saving sub-levels for level 'ServerLevel[world]'/minecraft:the_nether
[26May2026 03:32:34.444] [Server thread/INFO] [dev.ryanhcode.sable.Sable/]: Saving sub-levels for level 'ServerLevel[world]'/createteleporters:pocket_dimension
[26May2026 03:32:34.444] [Server thread/INFO] [dev.ryanhcode.sable.Sable/]: Saving sub-levels for level 'ServerLevel[world]'/aether:the_aether
[26May2026 03:32:34.447] [Server thread/INFO] [dev.ryanhcode.sable.Sable/]: Saving sub-levels for level 'ServerLevel[world]'/minecraft:the_end
[26May2026 03:37:34.400] [Server thread/INFO] [dev.ryanhcode.sable.Sable/]: Saving sub-levels for level 'ServerLevel[world]'/minecraft:overworld
[26May2026 03:37:34.440] [Server thread/WARN] [net.montoyo.wd.utilities.Log/]: Could not save last minePad ID (0) to /wd_next.txt. I'm afraid this might break all minePads.
java.io.FileNotFoundException: /wd_next.txt (Permission denied)
	at java.base/java.io.FileOutputStream.open0(Native Method) ~[?:?]
	at java.base/java.io.FileOutputStream.open(FileOutputStream.java:289) ~[?:?]
	at java.base/java.io.FileOutputStream.<init>(FileOutputStream.java:230) ~[?:?]
	at java.base/java.io.FileOutputStream.<init>(FileOutputStream.java:179) ~[?:?]
	at java.base/java.io.FileWriter.<init>(FileWriter.java:98) ~[?:?]
	at TRANSFORMER/webdisplays@2.0.0/net.montoyo.wd.WebDisplays.onWorldSave(WebDisplays.java:242) ~[WebDisplays-REMASTER-2.0.0.jar%23352!/:2.0.0]
	at MC-BOOTSTRAP/net.neoforged.bus/net.neoforged.bus.EventBus.post(EventBus.java:360) ~[bus-8.0.5.jar%2360!/:?]
	at MC-BOOTSTRAP/net.neoforged.bus/net.neoforged.bus.EventBus.post(EventBus.java:328) ~[bus-8.0.5.jar%2360!/:?]
	at TRANSFORMER/minecraft@1.21.1/net.minecraft.server.level.ServerLevel.save(ServerLevel.java:825) ~[server-1.21.1-20240808.144430-srg.jar%23233!/:?]
	at TRANSFORMER/minecraft@1.21.1/net.minecraft.server.MinecraftServer.saveAllChunks(MinecraftServer.java:551) ~[server-1.21.1-20240808.144430-srg.jar%23233!/:?]
	at TRANSFORMER/minecraft@1.21.1/net.minecraft.server.MinecraftServer.saveEverything(MinecraftServer.java:576) ~[server-1.21.1-20240808.144430-srg.jar%23233!/:?]
	at TRANSFORMER/minecraft@1.21.1/net.minecraft.server.MinecraftServer.tickServer(MinecraftServer.java:929) ~[server-1.21.1-20240808.144430-srg.jar%23233!/:?]
	at TRANSFORMER/minecraft@1.21.1/net.minecraft.server.MinecraftServer.runServer(MinecraftServer.java:707) ~[server-1.21.1-20240808.144430-srg.jar%23233!/:?]
	at TRANSFORMER/minecraft@1.21.1/net.minecraft.server.MinecraftServer.lambda$spin$2(MinecraftServer.java:267) ~[server-1.21.1-20240808.144430-srg.jar%23233!/:?]
	at java.base/java.lang.Thread.run(Thread.java:1583) [?:?]
[26May2026 03:37:34.441] [Server thread/INFO] [dev.ryanhcode.sable.Sable/]: Saving sub-levels for level 'ServerLevel[world]'/minecraft:the_nether
[26May2026 03:37:34.447] [Server thread/INFO] [dev.ryanhcode.sable.Sable/]: Saving sub-levels for level 'ServerLevel[world]'/createteleporters:pocket_dimension
[26May2026 03:37:34.448] [Server thread/INFO] [dev.ryanhcode.sable.Sable/]: Saving sub-levels for level 'ServerLevel[world]'/aether:the_aether
[26May2026 03:37:34.449] [Server thread/INFO] [dev.ryanhcode.sable.Sable/]: Saving sub-levels for level 'ServerLevel[world]'/minecraft:the_end
[26May2026 03:42:34.391] [Server thread/INFO] [dev.ryanhcode.sable.Sable/]: Saving sub-levels for level 'ServerLevel[world]'/minecraft:overworld
[26May2026 03:42:34.428] [Server thread/WARN] [net.montoyo.wd.utilities.Log/]: Could not save last minePad ID (0) to /wd_next.txt. I'm afraid this might break all minePads.
java.io.FileNotFoundException: /wd_next.txt (Permission denied)
	at java.base/java.io.FileOutputStream.open0(Native Method) ~[?:?]
	at java.base/java.io.FileOutputStream.open(FileOutputStream.java:289) ~[?:?]
	at java.base/java.io.FileOutputStream.<init>(FileOutputStream.java:230) ~[?:?]
	at java.base/java.io.FileOutputStream.<init>(FileOutputStream.java:179) ~[?:?]
	at java.base/java.io.FileWriter.<init>(FileWriter.java:98) ~[?:?]
	at TRANSFORMER/webdisplays@2.0.0/net.montoyo.wd.WebDisplays.onWorldSave(WebDisplays.java:242) ~[WebDisplays-REMASTER-2.0.0.jar%23352!/:2.0.0]
	at MC-BOOTSTRAP/net.neoforged.bus/net.neoforged.bus.EventBus.post(EventBus.java:360) ~[bus-8.0.5.jar%2360!/:?]
	at MC-BOOTSTRAP/net.neoforged.bus/net.neoforged.bus.EventBus.post(EventBus.java:328) ~[bus-8.0.5.jar%2360!/:?]
	at TRANSFORMER/minecraft@1.21.1/net.minecraft.server.level.ServerLevel.save(ServerLevel.java:825) ~[server-1.21.1-20240808.144430-srg.jar%23233!/:?]
	at TRANSFORMER/minecraft@1.21.1/net.minecraft.server.MinecraftServer.saveAllChunks(MinecraftServer.java:551) ~[server-1.21.1-20240808.144430-srg.jar%23233!/:?]
	at TRANSFORMER/minecraft@1.21.1/net.minecraft.server.MinecraftServer.saveEverything(MinecraftServer.java:576) ~[server-1.21.1-20240808.144430-srg.jar%23233!/:?]
	at TRANSFORMER/minecraft@1.21.1/net.minecraft.server.MinecraftServer.tickServer(MinecraftServer.java:929) ~[server-1.21.1-20240808.144430-srg.jar%23233!/:?]
	at TRANSFORMER/minecraft@1.21.1/net.minecraft.server.MinecraftServer.runServer(MinecraftServer.java:707) ~[server-1.21.1-20240808.144430-srg.jar%23233!/:?]
	at TRANSFORMER/minecraft@1.21.1/net.minecraft.server.MinecraftServer.lambda$spin$2(MinecraftServer.java:267) ~[server-1.21.1-20240808.144430-srg.jar%23233!/:?]
	at java.base/java.lang.Thread.run(Thread.java:1583) [?:?]
[26May2026 03:42:34.429] [Server thread/INFO] [dev.ryanhcode.sable.Sable/]: Saving sub-levels for level 'ServerLevel[world]'/minecraft:the_nether
[26May2026 03:42:34.433] [Server thread/INFO] [dev.ryanhcode.sable.Sable/]: Saving sub-levels for level 'ServerLevel[world]'/createteleporters:pocket_dimension
[26May2026 03:42:34.433] [Server thread/INFO] [dev.ryanhcode.sable.Sable/]: Saving sub-levels for level 'ServerLevel[world]'/aether:the_aether
[26May2026 03:42:34.436] [Server thread/INFO] [dev.ryanhcode.sable.Sable/]: Saving sub-levels for level 'ServerLevel[world]'/minecraft:the_end
[26May2026 03:43:43.354] [Server thread/WARN] [tombstone/]: The death event of the player GOAT-10 was canceled by another mod
[26May2026 03:43:43.360] [Server thread/INFO] [tombstone/]: The player GOAT-10 has successfully been saved
[26May2026 03:44:02.778] [Server thread/INFO] [net.minecraft.server.MinecraftServer/]: GOAT-10 withered away
[26May2026 03:45:27.612] [Server thread/INFO] [net.minecraft.server.network.ServerGamePacketListenerImpl/]: GOAT-10 lost connection: Disconnected
[26May2026 03:45:27.613] [Server thread/INFO] [net.minecraft.server.MinecraftServer/]: GOAT-10 left the game
[26May2026 03:45:30.909] [MiniServServer/WARN] [net.montoyo.wd.utilities.Log/]: Could not read data from client
java.net.SocketException: Connection reset
	at java.base/sun.nio.ch.SocketChannelImpl.throwConnectionReset(SocketChannelImpl.java:401) ~[?:?]
	at java.base/sun.nio.ch.SocketChannelImpl.read(SocketChannelImpl.java:434) ~[?:?]
	at TRANSFORMER/webdisplays@2.0.0/net.montoyo.wd.miniserv.server.Server.loopUnsafe(Server.java:176) ~[WebDisplays-REMASTER-2.0.0.jar%23352!/:2.0.0]
	at TRANSFORMER/webdisplays@2.0.0/net.montoyo.wd.miniserv.server.Server.run(Server.java:117) ~[WebDisplays-REMASTER-2.0.0.jar%23352!/:2.0.0]
	at java.base/java.lang.Thread.run(Thread.java:1583) [?:?]
[26May2026 03:47:34.367] [Server thread/INFO] [dev.ryanhcode.sable.Sable/]: Saving sub-levels for level 'ServerLevel[world]'/minecraft:overworld
[26May2026 03:47:34.411] [Server thread/WARN] [net.montoyo.wd.utilities.Log/]: Could not save last minePad ID (0) to /wd_next.txt. I'm afraid this might break all minePads.
java.io.FileNotFoundException: /wd_next.txt (Permission denied)
	at java.base/java.io.FileOutputStream.open0(Native Method) ~[?:?]
	at java.base/java.io.FileOutputStream.open(FileOutputStream.java:289) ~[?:?]
	at java.base/java.io.FileOutputStream.<init>(FileOutputStream.java:230) ~[?:?]
	at java.base/java.io.FileOutputStream.<init>(FileOutputStream.java:179) ~[?:?]
	at java.base/java.io.FileWriter.<init>(FileWriter.java:98) ~[?:?]
	at TRANSFORMER/webdisplays@2.0.0/net.montoyo.wd.WebDisplays.onWorldSave(WebDisplays.java:242) ~[WebDisplays-REMASTER-2.0.0.jar%23352!/:2.0.0]
	at MC-BOOTSTRAP/net.neoforged.bus/net.neoforged.bus.EventBus.post(EventBus.java:360) ~[bus-8.0.5.jar%2360!/:?]
	at MC-BOOTSTRAP/net.neoforged.bus/net.neoforged.bus.EventBus.post(EventBus.java:328) ~[bus-8.0.5.jar%2360!/:?]
	at TRANSFORMER/minecraft@1.21.1/net.minecraft.server.level.ServerLevel.save(ServerLevel.java:825) ~[server-1.21.1-20240808.144430-srg.jar%23233!/:?]
	at TRANSFORMER/minecraft@1.21.1/net.minecraft.server.MinecraftServer.saveAllChunks(MinecraftServer.java:551) ~[server-1.21.1-20240808.144430-srg.jar%23233!/:?]
	at TRANSFORMER/minecraft@1.21.1/net.minecraft.server.MinecraftServer.saveEverything(MinecraftServer.java:576) ~[server-1.21.1-20240808.144430-srg.jar%23233!/:?]
	at TRANSFORMER/minecraft@1.21.1/net.minecraft.server.MinecraftServer.tickServer(MinecraftServer.java:929) ~[server-1.21.1-20240808.144430-srg.jar%23233!/:?]
	at TRANSFORMER/minecraft@1.21.1/net.minecraft.server.MinecraftServer.runServer(MinecraftServer.java:707) ~[server-1.21.1-20240808.144430-srg.jar%23233!/:?]
	at TRANSFORMER/minecraft@1.21.1/net.minecraft.server.MinecraftServer.lambda$spin$2(MinecraftServer.java:267) ~[server-1.21.1-20240808.144430-srg.jar%23233!/:?]
	at java.base/java.lang.Thread.run(Thread.java:1583) [?:?]
[26May2026 03:47:34.412] [Server thread/INFO] [dev.ryanhcode.sable.Sable/]: Saving sub-levels for level 'ServerLevel[world]'/minecraft:the_nether
[26May2026 03:47:34.412] [Server thread/INFO] [dev.ryanhcode.sable.Sable/]: Saving sub-levels for level 'ServerLevel[world]'/createteleporters:pocket_dimension
[26May2026 03:47:34.412] [Server thread/INFO] [dev.ryanhcode.sable.Sable/]: Saving sub-levels for level 'ServerLevel[world]'/aether:the_aether
[26May2026 03:47:34.413] [Server thread/INFO] [dev.ryanhcode.sable.Sable/]: Saving sub-levels for level 'ServerLevel[world]'/minecraft:the_end
[26May2026 03:50:25.504] [Server thread/INFO] [net.minecraft.server.MinecraftServer/]: ElFenix09 has reached the goal [Arachnophobe's Nightmare]
[26May2026 03:52:34.352] [Server thread/INFO] [dev.ryanhcode.sable.Sable/]: Saving sub-levels for level 'ServerLevel[world]'/minecraft:overworld
[26May2026 03:52:34.402] [Server thread/WARN] [net.montoyo.wd.utilities.Log/]: Could not save last minePad ID (0) to /wd_next.txt. I'm afraid this might break all minePads.
java.io.FileNotFoundException: /wd_next.txt (Permission denied)
	at java.base/java.io.FileOutputStream.open0(Native Method) ~[?:?]
	at java.base/java.io.FileOutputStream.open(FileOutputStream.java:289) ~[?:?]
	at java.base/java.io.FileOutputStream.<init>(FileOutputStream.java:230) ~[?:?]
	at java.base/java.io.FileOutputStream.<init>(FileOutputStream.java:179) ~[?:?]
	at java.base/java.io.FileWriter.<init>(FileWriter.java:98) ~[?:?]
	at TRANSFORMER/webdisplays@2.0.0/net.montoyo.wd.WebDisplays.onWorldSave(WebDisplays.java:242) ~[WebDisplays-REMASTER-2.0.0.jar%23352!/:2.0.0]
	at MC-BOOTSTRAP/net.neoforged.bus/net.neoforged.bus.EventBus.post(EventBus.java:360) ~[bus-8.0.5.jar%2360!/:?]
	at MC-BOOTSTRAP/net.neoforged.bus/net.neoforged.bus.EventBus.post(EventBus.java:328) ~[bus-8.0.5.jar%2360!/:?]
	at TRANSFORMER/minecraft@1.21.1/net.minecraft.server.level.ServerLevel.save(ServerLevel.java:825) ~[server-1.21.1-20240808.144430-srg.jar%23233!/:?]
	at TRANSFORMER/minecraft@1.21.1/net.minecraft.server.MinecraftServer.saveAllChunks(MinecraftServer.java:551) ~[server-1.21.1-20240808.144430-srg.jar%23233!/:?]
	at TRANSFORMER/minecraft@1.21.1/net.minecraft.server.MinecraftServer.saveEverything(MinecraftServer.java:576) ~[server-1.21.1-20240808.144430-srg.jar%23233!/:?]
	at TRANSFORMER/minecraft@1.21.1/net.minecraft.server.MinecraftServer.tickServer(MinecraftServer.java:929) ~[server-1.21.1-20240808.144430-srg.jar%23233!/:?]
	at TRANSFORMER/minecraft@1.21.1/net.minecraft.server.MinecraftServer.runServer(MinecraftServer.java:707) ~[server-1.21.1-20240808.144430-srg.jar%23233!/:?]
	at TRANSFORMER/minecraft@1.21.1/net.minecraft.server.MinecraftServer.lambda$spin$2(MinecraftServer.java:267) ~[server-1.21.1-20240808.144430-srg.jar%23233!/:?]
	at java.base/java.lang.Thread.run(Thread.java:1583) [?:?]
[26May2026 03:52:34.403] [Server thread/INFO] [dev.ryanhcode.sable.Sable/]: Saving sub-levels for level 'ServerLevel[world]'/minecraft:the_nether
[26May2026 03:52:34.405] [Server thread/INFO] [dev.ryanhcode.sable.Sable/]: Saving sub-levels for level 'ServerLevel[world]'/createteleporters:pocket_dimension
[26May2026 03:52:34.406] [Server thread/INFO] [dev.ryanhcode.sable.Sable/]: Saving sub-levels for level 'ServerLevel[world]'/aether:the_aether
[26May2026 03:52:34.408] [Server thread/INFO] [dev.ryanhcode.sable.Sable/]: Saving sub-levels for level 'ServerLevel[world]'/minecraft:the_end
[26May2026 03:57:34.352] [Server thread/INFO] [dev.ryanhcode.sable.Sable/]: Saving sub-levels for level 'ServerLevel[world]'/minecraft:overworld
[26May2026 03:57:34.392] [Server thread/WARN] [net.montoyo.wd.utilities.Log/]: Could not save last minePad ID (0) to /wd_next.txt. I'm afraid this might break all minePads.
java.io.FileNotFoundException: /wd_next.txt (Permission denied)
	at java.base/java.io.FileOutputStream.open0(Native Method) ~[?:?]
	at java.base/java.io.FileOutputStream.open(FileOutputStream.java:289) ~[?:?]
	at java.base/java.io.FileOutputStream.<init>(FileOutputStream.java:230) ~[?:?]
	at java.base/java.io.FileOutputStream.<init>(FileOutputStream.java:179) ~[?:?]
	at java.base/java.io.FileWriter.<init>(FileWriter.java:98) ~[?:?]
	at TRANSFORMER/webdisplays@2.0.0/net.montoyo.wd.WebDisplays.onWorldSave(WebDisplays.java:242) ~[WebDisplays-REMASTER-2.0.0.jar%23352!/:2.0.0]
	at MC-BOOTSTRAP/net.neoforged.bus/net.neoforged.bus.EventBus.post(EventBus.java:360) ~[bus-8.0.5.jar%2360!/:?]
	at MC-BOOTSTRAP/net.neoforged.bus/net.neoforged.bus.EventBus.post(EventBus.java:328) ~[bus-8.0.5.jar%2360!/:?]
	at TRANSFORMER/minecraft@1.21.1/net.minecraft.server.level.ServerLevel.save(ServerLevel.java:825) ~[server-1.21.1-20240808.144430-srg.jar%23233!/:?]
	at TRANSFORMER/minecraft@1.21.1/net.minecraft.server.MinecraftServer.saveAllChunks(MinecraftServer.java:551) ~[server-1.21.1-20240808.144430-srg.jar%23233!/:?]
	at TRANSFORMER/minecraft@1.21.1/net.minecraft.server.MinecraftServer.saveEverything(MinecraftServer.java:576) ~[server-1.21.1-20240808.144430-srg.jar%23233!/:?]
	at TRANSFORMER/minecraft@1.21.1/net.minecraft.server.MinecraftServer.tickServer(MinecraftServer.java:929) ~[server-1.21.1-20240808.144430-srg.jar%23233!/:?]
	at TRANSFORMER/minecraft@1.21.1/net.minecraft.server.MinecraftServer.runServer(MinecraftServer.java:707) ~[server-1.21.1-20240808.144430-srg.jar%23233!/:?]
	at TRANSFORMER/minecraft@1.21.1/net.minecraft.server.MinecraftServer.lambda$spin$2(MinecraftServer.java:267) ~[server-1.21.1-20240808.144430-srg.jar%23233!/:?]
	at java.base/java.lang.Thread.run(Thread.java:1583) [?:?]
[26May2026 03:57:34.393] [Server thread/INFO] [dev.ryanhcode.sable.Sable/]: Saving sub-levels for level 'ServerLevel[world]'/minecraft:the_nether
[26May2026 03:57:34.397] [Server thread/INFO] [dev.ryanhcode.sable.Sable/]: Saving sub-levels for level 'ServerLevel[world]'/createteleporters:pocket_dimension
[26May2026 03:57:34.398] [Server thread/INFO] [dev.ryanhcode.sable.Sable/]: Saving sub-levels for level 'ServerLevel[world]'/aether:the_aether
[26May2026 03:57:34.401] [Server thread/INFO] [dev.ryanhcode.sable.Sable/]: Saving sub-levels for level 'ServerLevel[world]'/minecraft:the_end
[26May2026 04:02:34.345] [Server thread/INFO] [dev.ryanhcode.sable.Sable/]: Saving sub-levels for level 'ServerLevel[world]'/minecraft:overworld
[26May2026 04:02:34.390] [Server thread/WARN] [net.montoyo.wd.utilities.Log/]: Could not save last minePad ID (0) to /wd_next.txt. I'm afraid this might break all minePads.
java.io.FileNotFoundException: /wd_next.txt (Permission denied)
	at java.base/java.io.FileOutputStream.open0(Native Method) ~[?:?]
	at java.base/java.io.FileOutputStream.open(FileOutputStream.java:289) ~[?:?]
	at java.base/java.io.FileOutputStream.<init>(FileOutputStream.java:230) ~[?:?]
	at java.base/java.io.FileOutputStream.<init>(FileOutputStream.java:179) ~[?:?]
	at java.base/java.io.FileWriter.<init>(FileWriter.java:98) ~[?:?]
	at TRANSFORMER/webdisplays@2.0.0/net.montoyo.wd.WebDisplays.onWorldSave(WebDisplays.java:242) ~[WebDisplays-REMASTER-2.0.0.jar%23352!/:2.0.0]
	at MC-BOOTSTRAP/net.neoforged.bus/net.neoforged.bus.EventBus.post(EventBus.java:360) ~[bus-8.0.5.jar%2360!/:?]
	at MC-BOOTSTRAP/net.neoforged.bus/net.neoforged.bus.EventBus.post(EventBus.java:328) ~[bus-8.0.5.jar%2360!/:?]
	at TRANSFORMER/minecraft@1.21.1/net.minecraft.server.level.ServerLevel.save(ServerLevel.java:825) ~[server-1.21.1-20240808.144430-srg.jar%23233!/:?]
	at TRANSFORMER/minecraft@1.21.1/net.minecraft.server.MinecraftServer.saveAllChunks(MinecraftServer.java:551) ~[server-1.21.1-20240808.144430-srg.jar%23233!/:?]
	at TRANSFORMER/minecraft@1.21.1/net.minecraft.server.MinecraftServer.saveEverything(MinecraftServer.java:576) ~[server-1.21.1-20240808.144430-srg.jar%23233!/:?]
	at TRANSFORMER/minecraft@1.21.1/net.minecraft.server.MinecraftServer.tickServer(MinecraftServer.java:929) ~[server-1.21.1-20240808.144430-srg.jar%23233!/:?]
	at TRANSFORMER/minecraft@1.21.1/net.minecraft.server.MinecraftServer.runServer(MinecraftServer.java:707) ~[server-1.21.1-20240808.144430-srg.jar%23233!/:?]
	at TRANSFORMER/minecraft@1.21.1/net.minecraft.server.MinecraftServer.lambda$spin$2(MinecraftServer.java:267) ~[server-1.21.1-20240808.144430-srg.jar%23233!/:?]
	at java.base/java.lang.Thread.run(Thread.java:1583) [?:?]
[26May2026 04:02:34.391] [Server thread/INFO] [dev.ryanhcode.sable.Sable/]: Saving sub-levels for level 'ServerLevel[world]'/minecraft:the_nether
[26May2026 04:02:34.394] [Server thread/INFO] [dev.ryanhcode.sable.Sable/]: Saving sub-levels for level 'ServerLevel[world]'/createteleporters:pocket_dimension
[26May2026 04:02:34.394] [Server thread/INFO] [dev.ryanhcode.sable.Sable/]: Saving sub-levels for level 'ServerLevel[world]'/aether:the_aether
[26May2026 04:02:34.396] [Server thread/INFO] [dev.ryanhcode.sable.Sable/]: Saving sub-levels for level 'ServerLevel[world]'/minecraft:the_end
[26May2026 04:07:34.347] [Server thread/INFO] [dev.ryanhcode.sable.Sable/]: Saving sub-levels for level 'ServerLevel[world]'/minecraft:overworld
[26May2026 04:07:34.397] [Server thread/WARN] [net.montoyo.wd.utilities.Log/]: Could not save last minePad ID (0) to /wd_next.txt. I'm afraid this might break all minePads.
java.io.FileNotFoundException: /wd_next.txt (Permission denied)
	at java.base/java.io.FileOutputStream.open0(Native Method) ~[?:?]
	at java.base/java.io.FileOutputStream.open(FileOutputStream.java:289) ~[?:?]
	at java.base/java.io.FileOutputStream.<init>(FileOutputStream.java:230) ~[?:?]
	at java.base/java.io.FileOutputStream.<init>(FileOutputStream.java:179) ~[?:?]
	at java.base/java.io.FileWriter.<init>(FileWriter.java:98) ~[?:?]
	at TRANSFORMER/webdisplays@2.0.0/net.montoyo.wd.WebDisplays.onWorldSave(WebDisplays.java:242) ~[WebDisplays-REMASTER-2.0.0.jar%23352!/:2.0.0]
	at MC-BOOTSTRAP/net.neoforged.bus/net.neoforged.bus.EventBus.post(EventBus.java:360) ~[bus-8.0.5.jar%2360!/:?]
	at MC-BOOTSTRAP/net.neoforged.bus/net.neoforged.bus.EventBus.post(EventBus.java:328) ~[bus-8.0.5.jar%2360!/:?]
	at TRANSFORMER/minecraft@1.21.1/net.minecraft.server.level.ServerLevel.save(ServerLevel.java:825) ~[server-1.21.1-20240808.144430-srg.jar%23233!/:?]
	at TRANSFORMER/minecraft@1.21.1/net.minecraft.server.MinecraftServer.saveAllChunks(MinecraftServer.java:551) ~[server-1.21.1-20240808.144430-srg.jar%23233!/:?]
	at TRANSFORMER/minecraft@1.21.1/net.minecraft.server.MinecraftServer.saveEverything(MinecraftServer.java:576) ~[server-1.21.1-20240808.144430-srg.jar%23233!/:?]
	at TRANSFORMER/minecraft@1.21.1/net.minecraft.server.MinecraftServer.tickServer(MinecraftServer.java:929) ~[server-1.21.1-20240808.144430-srg.jar%23233!/:?]
	at TRANSFORMER/minecraft@1.21.1/net.minecraft.server.MinecraftServer.runServer(MinecraftServer.java:707) ~[server-1.21.1-20240808.144430-srg.jar%23233!/:?]
	at TRANSFORMER/minecraft@1.21.1/net.minecraft.server.MinecraftServer.lambda$spin$2(MinecraftServer.java:267) ~[server-1.21.1-20240808.144430-srg.jar%23233!/:?]
	at java.base/java.lang.Thread.run(Thread.java:1583) [?:?]
[26May2026 04:07:34.398] [Server thread/INFO] [dev.ryanhcode.sable.Sable/]: Saving sub-levels for level 'ServerLevel[world]'/minecraft:the_nether
[26May2026 04:07:34.400] [Server thread/INFO] [dev.ryanhcode.sable.Sable/]: Saving sub-levels for level 'ServerLevel[world]'/createteleporters:pocket_dimension
[26May2026 04:07:34.400] [Server thread/INFO] [dev.ryanhcode.sable.Sable/]: Saving sub-levels for level 'ServerLevel[world]'/aether:the_aether
[26May2026 04:07:34.403] [Server thread/INFO] [dev.ryanhcode.sable.Sable/]: Saving sub-levels for level 'ServerLevel[world]'/minecraft:the_end
[26May2026 04:12:34.344] [Server thread/INFO] [dev.ryanhcode.sable.Sable/]: Saving sub-levels for level 'ServerLevel[world]'/minecraft:overworld
[26May2026 04:12:34.365] [Server thread/WARN] [net.montoyo.wd.utilities.Log/]: Could not save last minePad ID (0) to /wd_next.txt. I'm afraid this might break all minePads.
java.io.FileNotFoundException: /wd_next.txt (Permission denied)
	at java.base/java.io.FileOutputStream.open0(Native Method) ~[?:?]
	at java.base/java.io.FileOutputStream.open(FileOutputStream.java:289) ~[?:?]
	at java.base/java.io.FileOutputStream.<init>(FileOutputStream.java:230) ~[?:?]
	at java.base/java.io.FileOutputStream.<init>(FileOutputStream.java:179) ~[?:?]
	at java.base/java.io.FileWriter.<init>(FileWriter.java:98) ~[?:?]
	at TRANSFORMER/webdisplays@2.0.0/net.montoyo.wd.WebDisplays.onWorldSave(WebDisplays.java:242) ~[WebDisplays-REMASTER-2.0.0.jar%23352!/:2.0.0]
	at MC-BOOTSTRAP/net.neoforged.bus/net.neoforged.bus.EventBus.post(EventBus.java:360) ~[bus-8.0.5.jar%2360!/:?]
	at MC-BOOTSTRAP/net.neoforged.bus/net.neoforged.bus.EventBus.post(EventBus.java:328) ~[bus-8.0.5.jar%2360!/:?]
	at TRANSFORMER/minecraft@1.21.1/net.minecraft.server.level.ServerLevel.save(ServerLevel.java:825) ~[server-1.21.1-20240808.144430-srg.jar%23233!/:?]
	at TRANSFORMER/minecraft@1.21.1/net.minecraft.server.MinecraftServer.saveAllChunks(MinecraftServer.java:551) ~[server-1.21.1-20240808.144430-srg.jar%23233!/:?]
	at TRANSFORMER/minecraft@1.21.1/net.minecraft.server.MinecraftServer.saveEverything(MinecraftServer.java:576) ~[server-1.21.1-20240808.144430-srg.jar%23233!/:?]
	at TRANSFORMER/minecraft@1.21.1/net.minecraft.server.MinecraftServer.tickServer(MinecraftServer.java:929) ~[server-1.21.1-20240808.144430-srg.jar%23233!/:?]
	at TRANSFORMER/minecraft@1.21.1/net.minecraft.server.MinecraftServer.runServer(MinecraftServer.java:707) ~[server-1.21.1-20240808.144430-srg.jar%23233!/:?]
	at TRANSFORMER/minecraft@1.21.1/net.minecraft.server.MinecraftServer.lambda$spin$2(MinecraftServer.java:267) ~[server-1.21.1-20240808.144430-srg.jar%23233!/:?]
	at java.base/java.lang.Thread.run(Thread.java:1583) [?:?]
[26May2026 04:12:34.366] [Server thread/INFO] [dev.ryanhcode.sable.Sable/]: Saving sub-levels for level 'ServerLevel[world]'/minecraft:the_nether
[26May2026 04:12:34.369] [Server thread/INFO] [dev.ryanhcode.sable.Sable/]: Saving sub-levels for level 'ServerLevel[world]'/createteleporters:pocket_dimension
[26May2026 04:12:34.369] [Server thread/INFO] [dev.ryanhcode.sable.Sable/]: Saving sub-levels for level 'ServerLevel[world]'/aether:the_aether
[26May2026 04:12:34.372] [Server thread/INFO] [dev.ryanhcode.sable.Sable/]: Saving sub-levels for level 'ServerLevel[world]'/minecraft:the_end
[26May2026 04:17:34.347] [Server thread/INFO] [dev.ryanhcode.sable.Sable/]: Saving sub-levels for level 'ServerLevel[world]'/minecraft:overworld
[26May2026 04:17:34.389] [Server thread/WARN] [net.montoyo.wd.utilities.Log/]: Could not save last minePad ID (0) to /wd_next.txt. I'm afraid this might break all minePads.
java.io.FileNotFoundException: /wd_next.txt (Permission denied)
	at java.base/java.io.FileOutputStream.open0(Native Method) ~[?:?]
	at java.base/java.io.FileOutputStream.open(FileOutputStream.java:289) ~[?:?]
	at java.base/java.io.FileOutputStream.<init>(FileOutputStream.java:230) ~[?:?]
	at java.base/java.io.FileOutputStream.<init>(FileOutputStream.java:179) ~[?:?]
	at java.base/java.io.FileWriter.<init>(FileWriter.java:98) ~[?:?]
	at TRANSFORMER/webdisplays@2.0.0/net.montoyo.wd.WebDisplays.onWorldSave(WebDisplays.java:242) ~[WebDisplays-REMASTER-2.0.0.jar%23352!/:2.0.0]
	at MC-BOOTSTRAP/net.neoforged.bus/net.neoforged.bus.EventBus.post(EventBus.java:360) ~[bus-8.0.5.jar%2360!/:?]
	at MC-BOOTSTRAP/net.neoforged.bus/net.neoforged.bus.EventBus.post(EventBus.java:328) ~[bus-8.0.5.jar%2360!/:?]
	at TRANSFORMER/minecraft@1.21.1/net.minecraft.server.level.ServerLevel.save(ServerLevel.java:825) ~[server-1.21.1-20240808.144430-srg.jar%23233!/:?]
	at TRANSFORMER/minecraft@1.21.1/net.minecraft.server.MinecraftServer.saveAllChunks(MinecraftServer.java:551) ~[server-1.21.1-20240808.144430-srg.jar%23233!/:?]
	at TRANSFORMER/minecraft@1.21.1/net.minecraft.server.MinecraftServer.saveEverything(MinecraftServer.java:576) ~[server-1.21.1-20240808.144430-srg.jar%23233!/:?]
	at TRANSFORMER/minecraft@1.21.1/net.minecraft.server.MinecraftServer.tickServer(MinecraftServer.java:929) ~[server-1.21.1-20240808.144430-srg.jar%23233!/:?]
	at TRANSFORMER/minecraft@1.21.1/net.minecraft.server.MinecraftServer.runServer(MinecraftServer.java:707) ~[server-1.21.1-20240808.144430-srg.jar%23233!/:?]
	at TRANSFORMER/minecraft@1.21.1/net.minecraft.server.MinecraftServer.lambda$spin$2(MinecraftServer.java:267) ~[server-1.21.1-20240808.144430-srg.jar%23233!/:?]
	at java.base/java.lang.Thread.run(Thread.java:1583) [?:?]
[26May2026 04:17:34.390] [Server thread/INFO] [dev.ryanhcode.sable.Sable/]: Saving sub-levels for level 'ServerLevel[world]'/minecraft:the_nether
[26May2026 04:17:34.394] [Server thread/INFO] [dev.ryanhcode.sable.Sable/]: Saving sub-levels for level 'ServerLevel[world]'/createteleporters:pocket_dimension
[26May2026 04:17:34.394] [Server thread/INFO] [dev.ryanhcode.sable.Sable/]: Saving sub-levels for level 'ServerLevel[world]'/aether:the_aether
[26May2026 04:17:34.398] [Server thread/INFO] [dev.ryanhcode.sable.Sable/]: Saving sub-levels for level 'ServerLevel[world]'/minecraft:the_end
